attendance,previous_gpa,study_hours,assignment_completion,internal_marks,test_average,previous_backlogs,final_gpa
68.72700594236812,6.8549498182491995,5.545272456566735,75.95795722038332,73.89541724466932,67.57268794164831,4,8.073581631174468
97.53571532049581,6.63550032696352,6.475110478935292,70.82247131291828,45.34318172630997,84.97361569323377,1,9.461561512968323
86.59969709057026,4.141031361935396,2.3785092409437425,57.29107155757177,87.3436738012889,42.50533459018421,3,7.292103684730545
79.93292420985183,5.87686305194386,5.186555747052492,40.387861467382635,71.78697434415449,42.786977943356675,4,7.16631336652776
57.80093202212183,6.0910759033222135,4.788094873578115,69.77435331404884,44.43223301341725,68.40910161669845,0,7.671132993160748
57.79972601681013,6.193525294932953,6.746227825912033,57.137559313734585,92.74028344887242,91.78271920150226,0,9.182970473880564
52.90418060840997,7.190948030750327,7.295652953609454,84.0764980426321,66.10192780011924,59.899865502245255,1,7.954164195149502
93.30880728874675,6.934814006997831,0.591175786080401,41.43677591622901,39.3739071122993,54.61652601528169,0,7.870396934908014
80.05575058716045,7.343478010363945,5.555149392940945,75.08966867834745,72.60997426490403,71.40135939187314,0,9.782789722737652
85.40362888980228,8.206857938481704,0.8887684933979676,96.48845425036393,50.19193442076862,90.82691603270186,0,10.0
51.029224714790125,8.471421562938513,4.616439988080169,50.46455602668997,83.22160711263814,85.21566997067742,3,8.539723451468996
98.49549260809971,7.94967691924572,2.6572454678275865,68.29896944503572,84.06932441397143,94.72901664399319,0,10.0
91.62213204002109,9.25538032775214,2.800824496416059,45.48531950902829,93.73684135127971,36.35411499214263,2,8.848192190109502
60.61695553391381,4.100279204719989,3.1471887758926744,77.54091473568116,65.11217186147022,41.771488682765735,4,6.2248242518119135
59.09124836035503,5.076778921259503,5.159693367872076,73.03190083577354,62.29741278366423,71.56806580199732,0,7.911231429995494
59.17022549267169,4.041595812379781,3.005374742515769,64.44193145276994,80.20853632678885,84.23458636003099,0,8.16812155764568
65.21211214797688,7.561110927850317,5.995242879427103,71.28262128842448,42.948239380515595,52.11466053840599,0,7.96197050142004
76.2378215816119,8.939168019224928,3.5339553918040227,93.79447950814061,67.81493082758746,49.352665282053124,2,9.178503232540773
71.5972509321058,5.339152631169646,1.0126490023246897,51.77765813866402,67.77485600785106,82.21854796287205,0,7.250410471209608
64.5614570099021,9.098689996379687,6.378198818630804,41.35387070232083,40.36838736862323,38.382911231193894,0,8.179950944276115
80.59264473611897,4.331470646592584,2.643187434445295,91.69989308194606,60.07904513041481,57.16295885495511,4,7.004734557351626
56.97469303260209,9.139398147430327,3.7457515969944697,74.62702494327439,86.19708791403212,65.34855335553979,2,8.837872088737518
64.6072324267609,5.933924779817989,5.640829124164261,93.43950732771054,86.36921731967962,68.62092046101941,2,8.394957209828814
68.31809216468459,4.5578145564706904,2.99342117861534,75.81671340479036,40.95425989518086,78.71690940756662,0,7.920606587877961
72.8034992108518,6.672294675524791,0.9243924211003671,88.60966539758215,40.44325296486985,56.29074340583949,2,7.285679907855782
89.25879806965068,5.412271122462794,3.304407852596102,65.78040180130887,50.761728620116116,71.76106068047643,1,8.033532099411662
59.98368910791799,5.566800960790576,7.583364370207276,84.99159587729613,87.48596375323962,70.12252536745737,2,8.72710295802271
75.71172192068059,5.690094807094576,5.3130079797391865,94.78248801339136,42.734155104409936,67.85696603922483,2,9.016229979818918
79.62072844310212,8.416642438079649,5.536093615004052,74.32737782333237,78.19980815764677,73.42899758853272,2,10.0
52.32252063599989,6.9653870217139,5.242116152282299,50.84710903374277,41.06993717678619,50.56695026408458,3,6.896223667711508
80.37724259507192,5.71219234535802,1.992441042195776,56.12785690181189,72.38827122486953,40.07892521507774,3,7.053153749030282
58.526206184364575,7.356835808210051,3.637503980767101,51.918674613844345,56.36403794714869,42.15630032238461,3,6.783761045519853
53.25257964926398,7.938828708227565,6.132048487724887,54.81142165574397,82.33483777795202,48.47494295923406,2,7.295712849180535
97.44427686266667,5.4994320040344356,1.2602967316486935,58.38492696106218,49.021426929521816,65.01187613136712,1,7.655970861410971
98.28160165372796,6.274520058389433,2.5838958206728417,73.30802720519131,73.35210976339759,85.4265650327612,2,9.039107302529246
90.41986740582306,4.670373513353212,2.572393313493902,75.27949776782997,49.1409520745531,77.07760052530304,0,7.730437044970337
65.23068845866854,4.996321422440742,3.740141956958795,65.58998483451167,77.81961698672923,82.34243625212284,1,7.748649755877449
54.883605700319194,7.746148196807406,7.852765557066388,76.92524678925012,87.42068207364493,56.05853743556548,3,7.9657452006521625
84.21165132560785,4.997910912325948,1.0062691001286646,44.89449553668196,42.6081079476056,59.27922449891301,4,5.924309463588138
72.00762468698007,6.8883986101688315,4.390257457854463,45.2672942234896,86.99574131573021,58.62091315943677,1,8.807617465499431
56.10191174223894,7.89975443947338,1.8452351150915784,50.30976762145951,70.61451526485789,46.51239106427009,3,7.309312395769555
74.75884550556351,4.587823077021091,7.7800740905730805,71.08464988242068,42.62662945202144,38.67299948861432,1,7.552951444487009
51.71942605576092,7.120217207958969,1.3497762854559814,52.839680721898816,60.65251132158272,70.4549655696336,1,7.023681276510174
95.4660201039391,5.411095310357501,3.5270075177119344,56.99706420955464,44.65161760910587,94.35300100523517,2,7.645740619348242
62.93899908000085,9.29609781380669,6.034137386259546,64.01877017037964,77.02087333199417,45.00978229701577,0,8.832915435516666
83.1261142176991,6.659501056959586,5.78415821020584,88.7119674406228,80.53208806507698,37.80108919395643,4,7.7454316827486425
65.58555380447055,8.43295902376337,3.670464776704492,40.83172815477161,41.34779121636794,81.77190090943597,3,7.333440859482136
76.00340105889055,7.026245981859439,3.098931259645387,78.96272921419734,65.36839116167866,50.15516040108345,1,8.343127809535474
77.33551396716399,4.2387689307015055,3.4820928391465293,80.13259186244112,83.87750336155503,84.7786283211757,4,7.346102505879218
59.24272277627635,7.482332565767123,2.4820719736897945,87.9193468213982,91.16978249305978,77.23620002207093,1,9.273960292767729
98.47923138822793,9.232718382136614,2.0399970403009986,95.9651763436188,65.8110720045062,91.74041222304828,0,10.0
88.75664116805572,7.308865010804821,4.122797731691675,41.20827093695739,92.01675341668442,59.53563414540032,4,8.292084462982526
96.97494707820945,8.505538726847346,2.514003170507055,49.22702233079297,67.14133822736179,74.71819036703805,3,9.337971042603726
94.74136752138244,8.863135548416242,2.6559624867293756,93.17027764335958,58.65142967599448,62.89128684879624,1,9.458060228772643
79.89499894055426,5.254438745719129,5.425670476059178,67.51111373122092,85.89218771317373,72.83532183851261,0,9.38351760003157
96.09371175115584,5.166246619495246,7.764029987749192,73.87543833600782,64.57896262748534,61.97593436046424,4,8.289941052352873
54.424625102595975,7.360395438680454,5.0272790041953135,79.78163222338884,63.31415063387138,46.31793478544449,1,7.9356150006430894
59.79914312095726,6.260656583936876,1.077346002987247,80.74399626973823,64.4187493645897,65.47384496020285,1,7.965657541299723
52.2613644455269,8.619237165766961,1.0668771039055023,95.90442419899048,85.80710011218471,66.71505208624654,3,8.641269868018503
66.26651653816322,8.950127178689062,7.635674156341745,99.81696504470017,84.91649250128313,83.63623089560966,0,10.0
69.4338644844741,5.94381758616495,2.7296809273050022,83.20944765585642,59.21119954641267,79.13124234761487,2,7.924038577155828
63.567451588694794,5.302788074359651,1.1905023956185659,57.233272552309046,54.9979915922315,74.82749743648665,1,7.195007690792927
91.43687545759647,8.292890333841239,4.992834403627862,92.78514413766061,64.51568144234776,41.80322573315435,4,8.617145984883555
67.83766633467947,5.511433195514749,5.177365837176996,42.9532548724457,69.36635058422654,78.23697743982291,3,7.641859333915499
64.04672548436903,8.524378751825232,5.363786150890161,53.86485117246977,49.30023263767982,65.01830938127088,3,8.002263064538083
77.13480415791243,6.330560395068195,2.50551520893156,93.84314304782289,82.63730508293543,88.64597216636955,1,10.0
57.04621124873813,7.671524446103088,0.6133301316085628,55.3714908663613,64.18896594394538,90.19225604783256,1,7.571018518595061
90.10984903770199,4.525444226090675,7.737615270908539,53.239063577304904,55.042732905197575,38.309395436107124,1,7.770619164973155
53.727532183988544,7.431226285721152,2.381697842683269,48.287517588414836,41.409259577839435,84.23849362126873,2,6.88930179070367
99.34434683002587,6.48472223305476,5.570197160394106,91.54670545881498,49.33070962421642,37.26184342536024,1,9.10200201280648
88.61223846483287,7.226346547465107,5.799724024090322,70.0034955514652,91.95687030535902,57.03017754170136,0,9.521330277868568
59.93578407670862,4.924078142596748,5.075055628096143,80.49359218324929,53.30598120917159,67.53799853726474,4,6.828252142680718
50.27610585618012,8.052805597193002,2.8468054566023615,54.34398304450178,45.13155736202212,43.88604791762765,1,6.828780853481911
90.77307142274171,8.745383926487758,2.5332219032304932,85.48242526067298,62.64036749929959,79.7788287541446,2,9.437723453274165
85.34286719238085,5.192068900499266,4.982512120270274,85.60033269772592,53.42526460161492,35.501282250328316,4,6.481148505252223
86.45035840204937,4.52643005536089,6.995717252087687,58.75588149449801,37.10955501627165,45.11594290604221,3,6.6901904589443415
88.56351733429729,4.13001222325485,7.6005029669254665,64.64095798061697,54.38871303676504,69.84780979120853,1,8.776405255077485
53.70223258670452,7.530843252437963,1.2942935330281822,52.581416645812055,67.64651743636811,77.86325372223754,4,6.931106779532625
67.92328642721363,7.339017198488294,1.6612145944828989,98.59366139937426,68.10274232119801,89.99858616163496,3,8.816156438363086
55.79345297625649,7.006835769927385,7.585521940873098,78.73615462350469,56.39353527061332,77.32979911607742,2,9.102158044667826
93.15517129377967,5.2757090286378645,6.024014212510944,96.07263284293093,61.83816537515604,75.30675621529195,0,9.821057809854109
81.1649063413779,6.149982977480331,7.122453686223298,58.20313261774799,92.93107509408598,58.66046878103986,1,9.065107301839863
66.54490124263246,7.269619843523952,2.019744756015074,86.91345477981338,57.6409086338187,35.077065531608085,0,8.165275276234333
53.177917514301186,6.732217723725432,4.906894033320514,85.95151863308452,50.49360879559898,42.209555524137315,2,7.040480248412005
65.54911608578311,9.43282036118188,5.758546958131053,81.4993391119925,49.60802264400561,67.07327268536235,4,8.311310706820047
66.25916610133736,4.750418639062032,5.600839140852295,97.93833851600803,62.46587676224805,75.50779315066518,4,6.987133373971416
86.4803089169032,7.823295047261766,3.561137681500236,63.613320166378934,80.57120892301664,60.04689703378775,2,9.357485229785059
81.87787356776066,6.223753224573606,0.6154616876848136,47.843039415385434,47.35929105130839,78.84074069170342,2,7.233514413400018
94.36063712881634,6.355097882090881,4.8719454260319734,80.30253155464365,77.55776762844609,66.31173771993073,1,9.631557652823835
73.61074625809746,7.946787711119969,2.398261543847066,83.75858802863237,36.268989400964976,39.450571735658734,3,6.85762068636161
55.97971229691508,7.808398832284033,3.8769068460716776,74.50363440752888,60.13597867903676,46.52097505807693,0,8.397142248373239
85.66223936114974,9.451907965362036,7.68185761312863,52.40907358800378,81.5519039121672,85.39989339463658,0,10.0
88.03925243084487,4.706168591997689,3.4927648823182604,70.26735650016133,55.32397734646588,78.49476479746636,4,7.293038450257702
78.06385987847482,4.572603071612915,6.7985120499832,58.731384194147765,68.82422608672397,88.68571922074969,4,8.100512458911627
88.54835899772806,7.983863494208077,1.9140545431193834,65.64799169000135,47.298753969554646,42.05343494725619,1,8.486440587340198
74.68977981821953,7.18112804353525,5.5434537351877164,78.71311455067983,79.51972346757034,94.41335207690443,2,9.637253973830845
76.1366414690997,5.507883666078932,7.827552158292076,84.71288456145007,38.13674619612558,47.56440283699602,0,7.75186173858126
71.37705091792748,4.436806529439426,1.264198256547026,53.933481454080585,86.15255869253002,35.70679257719852,1,7.877496498050681
51.27095633720476,4.471120372780368,0.5623995667039401,64.3195216388172,46.891783185300085,94.84537634321325,4,6.397967410342984
55.39457134966522,8.91804981065265,3.7518709447446077,56.14969425949775,87.46388190249985,51.864433126706786,4,8.027683119117578
51.57145928433671,5.055270285953086,1.194691122885254,51.91789683171215,56.15175447803104,75.0811671507536,0,6.635497608541004
81.82052056318902,5.778543591635364,6.112882622571735,87.0032331997503,78.3610144684692,45.600938850578316,4,7.938568575135324
65.71779905381634,5.246610212248434,7.359114978864192,94.55516166621955,54.15351786717131,69.8137119319485,4,7.419189663284979
75.42853455823514,5.952479682075655,3.755157295315691,62.2139311410746,89.35470027407885,89.24209918727355,3,8.956992054797789
95.37832369630465,4.381831135103513,2.4403373161658073,85.07673546242602,42.59822753110246,54.210870045706315,2,7.465250200870948
62.464611457443745,6.854828849995487,3.758024892549573,93.81971736186466,45.71118735635592,75.21523856266155,4,7.1881991034865464
70.51914615178148,4.371869099757182,5.925858633875007,90.7674526318139,64.58180750952813,46.27421532790499,3,7.048475326081905
87.77755692715243,8.401960793022988,0.5679062118527823,50.96880331235356,39.91630634228877,72.48772392312353,1,8.76422742204355
61.43990827458112,5.285416450507382,4.920904921135229,97.37751289080168,46.758811082105716,55.187021109050605,4,7.2908423276576215
53.84899549143965,6.970065530324808,5.099687636655343,62.600586425767744,91.62598293272086,47.6724955152771,1,8.779840358421835
64.4875726456884,8.840434981588022,5.282661851719516,60.35443967043018,93.58937966887322,53.79092304221811,4,8.739062572731559
58.06106436270022,7.579825529759567,2.315165599856579,43.74587963666682,57.57555975982532,45.73046411046796,0,7.375935674150286
96.48488261712865,6.931267826032344,5.855395425335951,69.17041924629298,90.39716126083613,89.11496647027298,3,8.792068535876957
90.40601897822086,5.783835642134566,1.185436147488323,46.54081693845572,67.6894805404059,58.83121317902773,3,7.346870603015358
81.67018782552117,5.831510521820089,1.994527523501006,54.91238925564556,51.18454795242602,49.71675829846204,0,7.631385344184827
93.57302950938589,7.682178253590045,7.081025349908614,59.01655730603689,77.14392326483592,61.90447046095598,2,9.673317044343248
90.18360384495573,9.467766486716421,6.040423630449248,88.52957940950104,74.53410839449143,54.23217000838973,3,9.947423260928566
59.32850294430179,7.640115544171582,0.6030916550850893,92.5293190237538,94.34751914652401,79.66515522879956,1,8.648360793232444
94.62794992449889,7.067808795535137,2.3628219527735013,58.14797904768818,50.902837244557,93.27319471312967,3,8.71782818885526
76.96711209578254,8.018577806315854,2.1080486224487345,91.52188727467444,75.32357015970413,61.28201940185881,2,9.157938698713858
90.37200775820313,6.558630867560449,2.5310474602772945,91.43385624218746,38.12142530176681,86.66200399833443,1,9.19233315878956
94.80456499617466,4.330782884304319,2.356698277099148,85.87905702309241,41.81876232180316,68.95178441357717,1,8.248314442261302
65.90017374859319,7.092632487328504,0.968947218071343,48.801706840910896,35.2351024970656,44.43413990565401,0,7.141597192124096
55.50259622638384,9.266939064779592,3.9420538744761524,81.41937081404373,94.96764086358039,76.4373645248805,4,8.805695016577051
61.39675812709709,4.964166182967128,5.995501060896238,96.70144387483413,83.13642182884867,65.80606982754921,0,8.883264661465683
71.35538943131282,7.795026899513662,5.050487935380773,80.95242872602942,82.20338088401245,74.0363913951262,4,8.797469868088177
90.90073829612466,5.105135287624811,5.546537514485598,59.89701094647003,65.58356451729078,88.3812447542999,0,9.361246283541444
93.03652916281717,6.947052264601947,1.1086188390217937,70.03475904584988,53.0040249743264,61.42607423936276,4,7.877356542900101
50.34760652655954,4.531720473056958,7.6361803263259045,78.74350260106323,44.07585706776055,89.07065739304133,3,7.411324302105465
75.53736512887829,6.477040149420018,6.7886887538226866,70.63422452371022,52.08048433078782,80.04014085689928,1,9.680384394695636
70.87055015743894,8.158898308923852,6.53817738871747,47.19717650385819,57.55827331574835,64.3162955526791,4,8.680170689040194
61.105390523536514,5.911643383314401,6.672378537813256,58.72384267912124,80.37860581881765,71.19332813947781,3,7.943267353805726
55.99326836668414,7.657014484679699,7.49532881099571,88.14376183321795,67.37970733418913,54.53486795114068,2,7.301670933531863
66.8807585701814,8.374974784343511,4.581904745852733,91.68508276573104,39.64901759332896,94.01583798432645,0,10.0
97.14548519562595,9.09947800713699,2.002115134007194,48.23800196293421,36.081740537534735,75.04106978302376,2,8.55639364567752
66.16014660103777,5.290531450204995,5.1258770588940585,97.14320514392347,41.13993077204379,37.63081114979779,3,6.457415507391821
75.9395310871683,6.196237536951195,6.071611202509542,59.72935707091656,59.62992282184276,54.59731434488053,2,7.798640004076335
85.15094794475888,4.838288073317296,6.03438045015519,79.7388243238432,90.9915750229411,72.39886602554344,2,8.860652450969326
68.1814801189647,9.458659261871063,4.410867681251601,85.10950875740087,73.2441488725533,38.37999666795439,3,8.841025273119607
98.58910413604804,9.098505323583623,1.0134403950018354,88.716774078273,83.1095539925309,36.43305147914857,1,9.169967244499489
98.12236474710556,6.969764216543078,3.283347038225959,96.74498213355581,62.98247567027291,62.00145437166815,4,8.249241545752236
62.58911479126821,8.631183119070318,7.40574956347518,58.77517288172936,56.69996499170257,54.961410781560204,0,9.244410572594225
74.86242529461927,6.865268874996232,4.883366823180695,91.51038727309327,41.50402236299736,61.29791648198996,4,7.827946885205165
65.04391549083849,7.429721284015178,4.537489574417851,47.901214206172426,87.55598133117229,50.76159859280031,0,8.941752737592786
64.24202471887338,4.490184376638092,2.5164013578664512,82.30245438121557,81.98960174167416,44.88306481657885,4,6.172812926326141
51.84434736772664,8.153987312732443,3.2633668993743417,84.51866377083915,45.087085855863506,76.34860141882027,2,7.652831740207384
80.47821669899484,4.702424159993791,7.21509566864877,80.66339447207923,65.73563383257563,65.87426697606803,1,8.507286048693278
75.13395116144308,8.543371966388907,5.498472856451268,55.13888416810918,64.2424884752747,47.00925267496201,2,8.605043200373126
52.57393756249947,8.301154482187123,6.4054027006424965,92.3825888209122,72.50549316119171,54.1753655755999,1,9.582705687031757
63.93232321183057,7.898095837586371,3.9075906730074133,50.1315078022237,91.77121363947568,70.50847445979956,3,7.649405204460356
95.41329429833269,4.198882092886191,5.226854145921184,43.21808749124985,69.78628650574878,39.33376089634867,0,7.869452878823593
61.978094533348624,5.6672059576993075,2.3628770655740565,83.04789943671473,67.4130360067171,43.84718055597077,0,7.201781849476982
57.24474360456115,5.447119134509636,5.790956227126147,68.52854291396402,38.019375976079836,39.39473624644341,3,5.590402890370333
74.47263801387815,5.9807502410933555,3.70701000277503,90.94588119752056,38.774448561081435,83.73903996284713,4,7.836386039527339
99.28252270553003,4.482035107201112,3.819091361110592,63.00382846349554,46.240807479607334,80.14455399272055,3,7.883434930326637
62.10276357557502,9.153268026670846,5.369917434326612,50.09671531046277,36.948246301504895,80.19877591275542,3,8.223907236274728
83.60677737029393,7.04591232391807,7.52210466101695,90.18653154819219,79.60117373420074,77.97952060856169,1,10.0
88.08098076643589,5.68038370861913,0.9800475995646569,72.9345778984043,78.3998182396378,75.16312542019216,3,7.874946788748986
61.881877199619986,6.183398343908559,6.685574280102557,51.3517475434213,43.16337406589858,63.6195149226905,0,7.7779927405783456
86.41081743059297,6.459613972776596,2.6928733280914483,83.22303991518675,85.16473404771685,73.5366898104269,2,9.844500204346891
68.38915663596266,7.303268833483395,3.8293959087978338,70.66681830937003,44.28716209076672,37.30169328727848,1,7.487707690328347
81.61529152967897,6.836236852330738,0.6643499658125671,76.25877893441918,53.07053521984153,72.28786535940708,1,8.549140074248204
81.67648553804473,9.056655852679295,2.757845583757348,67.65390029239491,49.9386139496819,81.67266233221264,4,8.483068521503673
76.78873420373793,6.733299155982067,4.269734319725979,89.72253902908038,57.33842591438287,65.02150162306341,2,7.846923029322445
54.51448850272041,9.45686908152822,0.9213205801057927,89.77376294098299,50.27982595339771,56.45079970563422,1,7.549135726597297
91.7651247794619,8.682837267598027,4.183217970373739,82.56332930946317,64.33705558630712,51.64560408805875,3,8.874888138749526
66.0390032485868,5.146807828965347,7.453329716438205,46.32408264378773,59.44447288128113,73.56812300972496,1,8.32530089062264
59.32592551999271,9.11827368054154,1.2904491358085393,90.33123171424413,94.19416944675959,76.56807191779453,1,9.910856306987945
52.0387570777382,4.640015188370119,6.2333054605662825,80.26077883197459,38.35558100769354,87.25805599175256,1,7.856275277293584
79.5446471594121,8.495973396701554,3.5725329003199446,81.82144996025798,43.530882583241095,55.54004494765944,4,7.559084176070068
83.87821809211411,6.09342811412119,5.413802858932535,61.7789704242323,38.16955363451615,81.18633844313513,1,9.04047458100504
50.829391446392805,8.828858762447883,2.4517744848892202,92.7567733694204,72.55047169894254,68.68134945136028,1,8.561023851464054
75.60465291496405,8.774311795590977,1.6961919690601872,83.52229601409144,38.27055664482317,87.97018944068475,4,8.24571541272081
61.3247887598969,8.432589700646917,1.7034696070341981,46.75542799175167,85.1863842425674,66.66872649773725,2,8.181480832293117
82.25863952047249,8.345167399688837,1.0286895923235848,64.46668206436976,65.71631784091566,66.05778970387803,0,9.084497759105119
58.718321450249576,5.675735265039224,1.8923502867593227,93.1828217176085,66.62045747489202,69.67262488645454,4,7.424020750679635
84.5468869051233,4.445056056781887,5.481645387417262,42.83180210184274,68.69567046273166,79.95892130854607,4,7.083203220035058
69.33676731502686,6.216390983208388,7.11267958882631,97.68499717852296,45.248822378372644,92.88142872970766,1,8.778259942237963
96.83649943683673,4.954384832425798,6.605942641933714,80.74975409917377,46.86141818686925,39.41380125294594,1,8.273770191200345
56.87604720729966,7.82223098896354,5.63850732405863,77.88255865860259,54.12903937238028,38.20607614346103,0,8.164839694160605
67.05331755251292,5.90354849595782,1.32823897558327,56.23355538927949,70.60978494931109,91.25302024444031,1,9.239920802891262
55.67367606202946,9.36585610472953,2.668905847219624,54.92750732435063,47.607066556412875,66.79253753109236,3,7.797278103968519
96.23468091392814,7.525346425399326,2.8235515649185174,96.52349316931573,41.979903627995675,71.89418087401617,1,9.226509297298842
93.86696766904905,8.523643099988984,2.3746770979821594,57.89634725404736,93.20701318510592,63.94541609568373,1,9.497340424975961
62.89708138575778,4.728885700080166,4.362542447822923,86.53031780313997,36.318908888577376,40.61944715644847,3,5.475024748022771
82.99920230170895,8.741079652499424,4.516653611597544,63.58730789242475,83.1618443201613,81.08536270511999,0,10.0
90.8611100100608,9.075164547823668,3.1766448137833265,48.35524424708224,82.28210897450133,79.83347870531522,3,9.486507651525866
77.76004057997312,6.6788405535041475,3.15341869052327,40.642917861721536,52.83284683070576,53.70219928956872,4,7.183317933093617
76.48252891780032,7.334391157630376,6.71416698429561,72.65544022091504,43.137596960438806,53.37435471370402,3,8.381299656981335
62.092614545022585,8.206453904966475,6.419696362397642,98.54672911293596,43.7377188023254,85.2704828543311,2,9.236539918351992
54.65513839029496,4.961612449932269,2.808468737605592,62.14817162855227,76.84589703423154,39.341435464479595,4,5.740349361232619
94.86078789766634,6.7641134205489335,7.353413329049445,61.431540039582686,73.56839546517043,87.86630890139395,1,10.0
95.02090285816652,6.192646652747722,7.646112627518796,60.64549707096653,81.9647404550832,50.39970139375487,4,8.340418302256175
81.65507286366339,4.80505695689237,2.9505690652253063,71.2326302382915,91.24887034394628,70.57908486532963,0,9.480483436883274
66.95148955243504,6.021439322603423,3.1581871159479116,66.4398930054576,76.51564179599552,91.15965074010666,0,8.873664199234064
67.46047873063304,4.374947701620215,4.2922561506646915,92.79487760362088,44.35109219308661,75.68735009219878,3,7.061358239459437
86.29778394351197,4.141965488222178,7.558406094002551,70.33124750340941,49.60655700592464,59.8657887480222,4,6.441260132156348
94.85551299762886,4.7434145903515255,7.072395748567336,70.46547029131412,85.53162385238687,76.37205253432491,1,9.49337324465798
94.35432121325587,9.297133113740456,1.2692597193769235,48.302295683233396,47.55836455005252,55.63877817898221,0,9.356261922230297
88.99377729288119,7.022412447422593,3.4454805745356216,98.96437245462316,39.351339017268884,51.63550498095117,1,8.274979326384944
82.10158230771438,9.312021886342709,4.650283923123289,54.99837345212978,77.19680324253503,94.80099667608079,2,9.821977201001653
54.206998249752445,6.378738330815725,4.27349354413655,44.40184404757616,59.15158132940852,80.04741387078727,0,8.2272488158229
58.08143570473069,5.714988731968928,1.953973009526695,79.78877493851252,90.20240315275421,73.68319864290905,3,7.093498710519684
94.92770942635397,6.783780245621342,6.94112578376116,75.72198220941236,74.01530426561969,56.31737859315913,2,9.776036979278697
80.3214529829795,6.417314287481005,5.57705587247628,64.90873923956474,40.425138667499645,37.94964974930289,4,6.647138466348115
50.45985258083148,4.581155763439591,6.784312811388527,65.33153403284068,91.87139403521965,36.86341256210934,1,7.253517281604349
55.073577143301605,7.524544730796134,6.940732095121041,87.10383526278588,50.513435818414756,68.25087532692793,0,8.615394094400534
83.1750884554028,5.188210003802798,6.1126689024930485,51.74275840597895,55.23274942437715,80.72196326234307,2,8.255578311340868
50.253079192310935,7.407733751938062,3.79407950937288,89.21519913669339,59.13562482101253,67.2427514266313,2,8.796161822117144
58.04040257087493,7.576106008189844,5.0791006626156845,78.92482683370109,38.07345778425879,85.44710431634687,0,9.082521957713896
77.4366894683293,4.836136692207565,1.7027405458980736,65.13818642677145,64.7909253338363,37.0055919855933,4,5.781662909318214
84.59475988463467,4.337422949108674,5.552340631061807,67.48171699503212,42.39910946451754,57.0051245855564,4,7.086569564235324
82.59806297513003,8.294188723376418,1.8443994180446057,55.398832431165744,59.058219601301104,49.22422347045068,3,7.643361361967873
61.21346547302799,6.5289023307312615,5.704621928826176,85.1268599618185,56.04258727952506,61.83637808942732,4,7.892765019576678
85.6089610673768,4.3199008752801165,2.221986205654765,70.77248453831606,81.3704050055902,39.34258359164735,3,7.271715849994578
61.862454374840006,9.47176474443372,1.3816347511266498,59.251272564990614,83.19023069796387,92.24789849426435,2,8.145668628870316
66.26998490796339,4.317793085480017,1.7396336760721807,75.76300694565701,44.20477294334528,48.395324064161656,0,6.3972913513684695
87.32457025590121,7.822693758722043,0.5149410141430271,99.74406712307939,56.99307124275357,90.33846652901508,4,9.008247665625156
82.48164495236074,9.410234088948775,5.890547133901477,66.11573677939323,57.4011896619099,60.553589302200905,3,9.155525026011983
92.4611705247089,5.31549057318759,5.993007867937843,95.24148404671718,44.084626636165105,94.13144799531308,2,8.767837168180174
82.88064461501716,4.782371527779579,4.362000124349446,60.701010395473965,82.90721030307142,68.24350300761265,4,7.32632248354874
78.41543016677358,4.667617166823359,1.7102210079153777,43.283962415499154,77.4336997001254,90.84997185054846,1,7.290412114793371
54.683738391404624,5.668013311621776,1.126657531330173,52.25452638210573,46.42290717782208,35.32093932165337,2,5.581079615596143
68.38579015297168,4.555751960558557,0.6434672482796526,65.12170859966105,57.00331451562794,79.894328370854,4,7.031126868856665
63.26011838408627,7.806887379317725,1.7431113272391552,53.17809571567414,41.348301491390856,89.18303918615092,2,7.981705769411927
62.19948216895418,4.342604889715345,7.181416512373601,40.01362229309533,72.69239582558264,43.38323401873724,0,8.151471535023811
98.65052773762227,6.801821704823843,2.3115263127626133,94.90009226485164,42.282315472917176,40.76755110392909,0,9.080220072667599
69.65488623333802,9.481832696191372,3.1570349541291174,90.63276467385575,94.15605011749507,60.47435643115733,0,10.0
94.60232775885567,8.476836482283105,1.290091133609999,84.53753388921683,81.84092448127174,91.0207343679761,1,10.0
81.55693129986315,7.3837069102705595,2.1677097856112773,50.06887573876172,58.41431297503971,67.54319361142632,0,8.758387234012808
89.74056517708243,5.684394914326364,4.394184280851539,47.221814572599165,69.71383593676126,66.64738782330393,1,8.410904948717313
75.1318546552596,7.4314270996040115,5.058145123217394,44.05628496834299,89.68050897298453,43.46756709795931,0,9.298912819763526
78.84519423131795,6.898728051514084,2.340142356246583,83.44175132637528,68.24595682374957,35.04737066559313,2,8.357268901081598
74.6258846909432,6.343458611397043,0.9329911941883791,95.72847764127312,45.46990918387731,83.60840544472768,4,7.248441566087441
59.76214938990223,4.718907072071097,3.43274651845549,65.83214925478222,57.72220133486956,40.25447377917429,4,5.453860496973874
86.12260576307526,8.876323183822567,2.256525281947506,47.14844031976289,85.58869190178473,73.03098912411943,0,9.957089916187615
64.03861812204279,6.473815568517274,2.146654424223515,70.7435692439264,73.65278095937708,89.87698727091148,4,7.931765662966605
51.21579832157269,5.070423815014208,7.698971020350914,60.92991444751781,74.04346306002802,47.51911478950586,0,8.09050007868978
82.27361479535838,6.022676429825093,5.122253644442931,62.48949546099986,87.00928914130935,74.91637017421465,0,9.02188019912579
58.85553397035245,6.277713638909098,4.676588323790719,77.27983744934244,88.63838344775027,39.72191460245057,3,8.15981968751368
97.02292921764572,8.55145842561781,3.6183132764249146,83.12308679573215,90.18755430676617,71.22530863025678,3,9.797141152346885
97.69642885012937,8.03487909308771,3.717082500726082,46.63621593238965,40.69095159518937,44.835903257192165,3,7.717970510315965
95.74321951102243,8.231176915027369,4.556787528785606,42.13541384838858,67.64756011778606,79.15721363091069,1,9.388924291612117
68.50793501277222,4.060671954357559,5.723223552770804,99.6598181611429,79.43057127309912,53.07387768763449,3,8.524358111533727
50.77283082644337,6.288846989988688,5.766095721363721,53.96370093493311,80.41561070762083,62.80346052827878,0,8.347757402836677
96.41592812938626,6.64739283399428,1.7877043077908716,43.22983149450754,71.40297211820024,70.9658325216573,2,8.085203268924435
71.40920741586572,4.105557522526812,4.250845640574703,51.392519745755195,45.00724011102045,45.27640463997437,3,6.195782135139642
98.33274095218349,5.428972648097688,3.589685712755765,42.33747078090785,82.84523323649987,79.49826911705725,3,8.639705143856332
98.18099885446264,8.181594027171743,7.028952247020381,63.508653677030296,78.20668001089675,53.15842043820887,2,9.777558068081655
92.650472773368,4.754103381509495,5.235641909137823,88.14410706707946,40.168146292942176,74.74231159476521,0,9.14337976633456
64.72244460347929,6.944205722989254,4.493780498119864,60.47466698546324,62.828589480462576,44.49698304196242,1,7.510991684808243
69.25488643009626,5.183610296094806,1.3654598163418803,66.651004412702,45.43864397130822,76.28705955238101,3,6.458486909419429
92.55683357584284,4.066664260541413,5.042284169925586,80.53520641404633,55.24862274277831,42.691284368627706,2,6.81963053329431
65.84610025781389,5.326608016797478,1.3790292926017507,70.53364420419281,36.08486553234113,60.521389776199015,0,6.573297097260644
58.474637334304624,9.367305652005296,3.0290493167431407,91.68674116127946,59.01979210464549,49.83236442433261,4,8.472168525725957
77.84006312291751,8.408454115356442,1.571314736107489,91.9621405027454,67.99261526937264,79.90251496569095,1,10.0
96.80773870803904,9.277671543765685,5.690552352682767,40.59464172946922,72.17495556962521,50.722100270412476,2,9.494886824231504
84.80148983374865,6.683197241594994,2.0468908537711448,86.68277838899195,74.80942070772261,87.90303838372378,2,9.72671422181663
78.50305850446824,4.603549092726269,3.4389452989101947,67.64401601450044,85.17747878614759,88.50921268439677,2,8.314543731740258
54.85882468853843,7.013777189355311,7.21756083214084,99.33043247821979,47.9277744365438,46.78647891336715,3,7.582268830024384
80.75036133495848,6.499075340079784,2.0323728754922774,68.99392455252611,42.22890934630808,71.83075670046345,4,7.1379240565867885
99.50269250521316,8.643963955067889,4.308537979690843,99.21375672329785,86.09223031387555,40.26305850319786,1,10.0
57.0042007618262,4.539454194313345,3.644537458745165,85.27416167234419,44.39676889355899,58.49222597609775,0,7.1071892189084656
75.91648261818683,6.68532625361978,0.635930307842973,54.91629307679838,93.48560488017172,77.79930377007634,0,9.362380120148256
93.86865359639776,4.825267655816914,6.445685851796096,72.30369875721746,85.55229376391821,74.56539481099497,4,8.611212896938463
87.03843088771022,5.78571759789533,1.0178442973594979,99.52813836871496,65.05259635337595,72.48204016439648,2,8.681814153936601
84.8507870497634,8.055463925632898,4.0569126573271515,91.45183646511542,93.88528549532151,51.952451819746614,2,10.0
85.12420419935546,6.618099711528216,4.705087212042125,45.842013627473264,40.84260374648025,57.68149696606412,2,7.769801353964001
67.97455756098776,6.067385568301731,5.213198424609403,82.38231980859976,53.1839456705061,41.17676868201717,2,7.128155559538229
64.67959221322467,6.169619532135194,5.664737219809067,60.73477515224879,73.29346490243668,78.14136922601605,2,7.815680434330791
90.46805777392568,6.526957226232927,2.3995428764203632,40.41893571282089,56.00041210839073,65.23332780747641,4,7.241440250054562
90.50566973395904,8.317590991103813,0.5748408249383703,64.20885814161997,90.70235311884751,77.52593794073928,3,9.08031204927317
93.35361592900519,8.906465789171289,5.92582746766184,54.085265303498275,38.937565290669056,49.936611487812364,1,9.126095139473527
95.66202762782356,9.254340775771606,4.517424495106839,89.1321562312283,67.96470992365786,54.46629371810397,2,9.966477277187453
75.56711994304689,8.327968624404123,6.770882774054366,60.23983653074593,70.45197604370688,55.05292023560688,3,9.615381287546766
75.07581473435998,5.73473792661407,6.660412721755207,89.65142163722902,74.16368742663344,36.54454458483297,0,8.351851399922301
89.91475894833876,7.7847408834759815,6.824946258409124,40.03587633008772,50.339973399908864,55.46287236983741,4,7.265957882336972
82.49819653888827,6.406817182304655,4.138209949846551,58.469149001567146,56.873985651191866,83.19827441108201,3,8.232877730451108
85.09834386288517,5.400688421253282,3.0022129687764925,54.46991285846572,85.62083177989865,88.8379097449843,2,8.467998837910455
89.78963347180505,8.624793686842574,6.436686519435275,54.01404166411666,46.69656613820959,66.09309893815565,2,9.25449745335888
94.50026709087831,4.211344919292787,3.884705847719412,44.09119718592776,84.61207083040172,62.33010171315321,2,8.096255078096153
66.89975784257679,8.95969095674483,1.875816473025759,51.2274562246301,68.75932537416455,36.84947712196222,3,7.854281577696458
68.7791476319972,6.538126055436038,6.9123051467110574,73.33297419313719,80.73125067164493,87.75226025512296,2,8.730700114667224
54.69909699204345,7.504608122445543,7.119199075792604,57.48166437026467,77.81644197580829,35.780612805552366,3,7.37478041091731
78.9140070498087,7.626446572131805,3.997323171051276,65.04368693974888,47.45068972309274,91.6850048126127,2,8.944710622816693
51.797113689837104,8.92314757388595,1.067747954823406,62.61201282083131,69.12876418603237,64.35297492128544,0,8.715654487728061
73.27990090662301,7.501683251919641,3.4086956743769843,92.55429549999369,87.06338916830555,55.5160696144836,0,10.0
77.13223173537884,7.376634716180339,6.526532445969525,94.31793994063094,60.92697420811576,90.4531060905596,1,10.0
64.32706260641422,4.366586223083795,7.263305214096715,69.5774182993516,92.995446213399,36.46345958660581,2,7.560576220316437
79.54166302845053,6.851244120698622,2.026045568731969,59.80935701893627,62.132906006103084,69.88549369214522,2,7.713948004126907
51.52501249695247,4.825929504493729,1.0023020901895365,46.40804224014182,43.56713820007308,67.93595146996026,3,5.213851993560947
51.86740943746072,8.055885727968171,7.08012839849629,97.20417276292571,58.3660808046604,48.159224072682925,3,7.91872424864289
91.13002803298292,6.817220564469709,3.420537042341565,43.61361669401785,92.10214438343223,60.733245881012635,2,8.973252420584103
68.00953207056314,7.741252785645943,4.563207232006724,57.85901665409683,54.183250960391256,74.1358403566262,1,8.658421704000824
56.35302563259424,4.229200953313113,7.760493590380692,57.88397207020025,87.08588959202376,78.62787181291566,2,7.45414260055155
76.11216300274022,4.466356088251918,0.9992354593566715,59.22407716841289,87.87504090091339,35.043011522394785,3,6.290631531684584
88.49967765493054,7.939778634344752,5.362385055890717,49.85721059634456,56.01119145991767,91.21120580546092,2,9.637718358012924
60.791051374842155,4.396463847992703,1.0557906693115031,86.98968585542184,39.995459483037926,44.87152234356874,3,5.746129237043818
81.14452379095002,4.3919120027089225,3.3160169634987526,47.34987171795935,78.4734745495291,49.01482605334155,2,7.327947162632709
54.2673732496884,4.066596613791881,6.528609088950851,78.09439954918977,53.69073794083916,50.80840674163089,4,6.226042861067728
52.58408605843039,9.26075769064714,3.751041745667258,47.43076160234905,81.97541685545434,37.26920819312212,3,8.147048717449366
76.5677315784074,8.056295977024538,7.978867654272128,44.2321382555774,61.559290895625985,42.383127415419494,1,8.83851119984473
77.03175608050532,5.942882746761352,4.692944637099516,94.56577022115259,64.1160045405573,94.18099537664972,4,8.344221911753245
81.87149507491033,5.630945697082104,2.908716144769651,51.40772597912234,81.67456440491222,53.913004242637165,2,7.425636266182571
86.30456668613309,5.923367763602172,2.1508349442856485,89.27500927358226,57.941799863697675,41.91806542034296,3,7.508626714645545
98.79260397312673,8.2605944214965,3.1289040071462138,72.67785226642815,61.587640719374875,41.4194756704774,4,7.420385474411697
75.81501741505977,7.637538360887279,3.293999553196631,44.67139117652618,57.571428126177324,78.16759806019832,1,8.462039122475792
66.1478236470623,5.018575623271074,1.0153525829297072,97.32689148628404,57.040430916636794,86.27411984195845,3,7.247389501489896
89.75930973843518,4.957601344337464,3.271806495700799,54.81767001951355,66.55679461408756,50.41713797050819,4,6.402889640244857
63.54161256310371,4.541176073423685,3.981788898044187,91.57872072115639,83.52796667006905,36.2545707401141,4,6.337366852789439
71.9485710352818,7.63166495835736,5.920533141791035,50.12860034707385,56.70609871535395,48.385401106721346,4,7.654758974951685
53.922819067113295,8.204049642219548,5.42547113541206,91.23657292851118,66.45528323226421,38.39094144780544,0,8.849144816807348
51.267537170772876,5.457755355787523,5.815742414218657,40.79372877431764,75.24363952655605,41.20369619780249,2,6.697080414681118
98.13242073389625,4.11519728567002,0.5627276140764282,70.70682739416884,51.1663667782193,60.89048719085854,3,6.977661941283156
91.79900602561028,4.45194417112035,2.1325054968540202,86.1665547652934,51.65136829414355,48.795102251697955,3,7.06587385336689
84.7987103046849,9.323230191647667,5.462632162998924,96.087731049567,91.00478762140729,65.95675271152541,3,10.0
70.44764722071349,5.6249462761258116,4.129920261348103,94.55212817238922,78.41207439986532,50.20962519543142,4,7.535564780555704
58.66471600354229,8.230727313109735,0.5398510675125946,89.17749217285869,69.63120057339853,91.43223806617686,2,8.170230265369392
57.8218521335543,7.435649628698451,6.533709818238668,93.29148097967825,73.86320326523672,89.35663807557587,1,10.0
62.512144908229764,6.100668018090928,6.296071799677531,51.953181150224594,36.7579665862051,69.00836630062796,3,7.079252392085473
77.46133323530603,5.131279942075553,4.61314372245172,57.051057742703726,72.0861779337018,56.26543951924317,2,7.428318944574565
85.72979613500311,4.667625299876735,0.9984749433220409,57.33811149526351,65.57053239345211,57.86881292208413,2,6.645501957841678
83.00986883588656,7.3825713242137665,6.248862871494385,62.62323586010193,67.74498078676615,59.71113698866982,0,9.638566330021137
63.99669484729714,8.260485793507833,4.87785190798523,63.59924022311132,56.565429609849026,78.65475932809665,3,8.26013083970899
97.7432640331597,7.541473394476219,6.364699828684694,72.67331947928054,39.888433862776516,62.098339731130274,4,9.007305222542858
86.89484583478843,6.91666173287037,6.138102442968803,49.59278580198648,46.60035401672313,86.40379679035385,2,8.63129960293155
77.71770262557004,4.230731728874,6.522515539683779,81.47479982715936,92.04468279276031,91.64568715582188,2,8.793510634815739
80.5860373117176,9.326688276769111,4.385060498034687,50.05399235827039,59.52197373625604,55.15676920273603,1,9.397594511462392
70.9800031213895,8.39292805410016,1.5524338864513625,58.61850892627285,63.00098934985185,68.64166888254081,0,9.135769456537282
62.386549475057876,5.610521201855306,5.533681050347665,70.20070783636925,38.16258739120634,40.70339220995387,2,6.754689250685554
67.79863393256308,9.389836811473678,5.1535533878897795,87.78643369140863,37.25397377263884,47.028142865981536,2,8.732598715005901
87.89230552321845,7.310348742999771,6.066898903993154,84.36815399432363,78.03088682280546,59.80794600260961,4,8.91453453550882
50.719674431487796,7.203324620139856,1.7741075453805148,78.73206138463134,67.28567984726668,47.37216295410673,4,6.6648605439508355
55.80363202534581,8.114402486862428,1.9623139992521692,49.34639563481021,65.522359052976,87.59362944732305,1,8.718759444475555
52.30013210108764,8.464733834495757,7.1780713791449635,72.82272073693466,49.58747182536012,44.497175363545885,1,8.501266683717553
52.03644011594851,7.6106323403232645,6.124833488390531,45.24679010799313,79.68504389779534,62.339649293185516,1,8.303489207873271
92.77302920055035,4.704526605014101,7.311713665252422,62.641790607799045,45.094194746509515,71.34195442759254,4,8.068208971232488
85.18289296900119,5.860471282969741,6.190364908729405,64.81099181739755,46.3960846196612,76.51183448965067,4,6.937830353389026
73.70869145436626,9.104460021793273,4.978664794927264,42.38868636674523,62.64273028089653,57.9841621835904,0,9.911215274286317
54.89170803255007,5.235385865141185,5.405995527709052,56.439285968198305,52.17679172671645,87.1459441234837,3,6.425993946247495
74.58079375584163,6.046918631106323,7.168459429550075,97.33896803598935,49.84777887398878,69.09914906467553,3,8.148654838637796
73.67358853902829,6.376422856193078,4.841050658839554,97.21795646978137,73.71425867319991,61.370466826853104,0,9.313755974393866
58.66009349550076,6.416727443319488,5.242934932462905,61.13962325515236,74.05830471311268,39.034438043122194,3,7.0197786190934055
71.69258246189865,7.37116770371989,1.6735753700270044,42.58600653689945,84.47102418799575,62.8813681067099,4,7.71980428361987
69.92523671986868,9.186917107595892,4.05440915087077,50.745696359690896,60.06251401837855,84.24415044894381,3,8.298415380113466
80.79250490261083,5.323809915078777,5.8729783396857425,63.53306760601241,39.38510546156901,71.87246109327893,4,7.237471099614976
81.75468254338219,4.668257569655049,2.5320702373727406,96.86678187815379,51.41998309528746,84.9297472237471,0,8.443963261462729
52.265200488602225,5.086087694229655,2.016906353934012,48.471943812231096,93.80032779180902,64.64070023595833,1,7.3498217212354575
68.73063073132356,8.878086951150983,2.8537010616831164,85.81095062009274,70.77551451396212,42.10770230566891,0,9.119462818859773
81.29299578571182,7.5519594696036325,2.311254709946251,46.52095236248152,77.58422508806122,35.818390750152865,3,7.52705797506511
75.15681292900439,5.572487340815381,2.1118447777729688,98.87545464347662,35.44146977752487,53.19317280311547,4,6.385202653723895
92.82449205941612,8.487708164327394,3.6863813215106522,62.8969899465481,66.09234393095124,76.87942828986755,3,9.032757728604638
82.93468158094726,8.737534979998898,7.308788854126505,86.51407233394336,37.25171945190819,82.41559423650162,3,9.534098757233952
58.14672135407149,8.655828862796529,4.3029473505403875,60.555464968667906,69.15381272548689,52.74517007721977,1,8.795995902780755
53.52843737002149,9.05409593501755,1.9094028561149228,77.66013262952852,90.24625097816453,64.73923525299483,3,8.216411073870894
82.12096391031578,5.387325610953489,1.0772875203565555,51.52096508440221,93.10514783002446,60.2671342660449,1,7.746977486783579
51.32556552708109,8.15273060810453,5.721171088534439,48.761261157817756,67.43316052333546,59.63136706108567,4,7.538818868970016
79.28877906367316,6.53296723500777,3.3709907332729085,96.28384837408788,62.49228831513295,48.88092279200903,4,7.631196099337816
97.01151207124788,8.63099204089534,6.663732099390194,95.058836674266,91.70102565490964,43.1822663017675,1,10.0
78.77370889379395,8.006698724388873,5.446330764805777,93.24813641277294,75.41658991980171,46.80131349387278,0,9.50855652485597
69.4084963103261,8.270460955748486,6.471810879060264,77.52600700999561,38.89395677230457,38.319943229800764,4,6.832052336974632
82.16441092211767,7.608890107245893,2.5395952956383656,88.49609267297669,62.94353466004985,46.88784450941462,0,8.84650070439007
72.91264452457582,4.975858232083388,5.692691918457936,44.14221621468249,49.414701107858235,35.552053857522765,4,5.676078434020253
77.28083946579675,6.997648053933161,2.480464885202891,60.087342513440746,63.188259286920896,72.6355040381587,4,7.52988119980604
97.07324043882626,9.415683567384795,7.543013595877187,58.822187485429374,62.3279343203817,53.98252444326097,2,9.724784663690702
69.30513189003871,9.155634365734155,5.272807111500308,78.1387193171568,69.92868816888452,93.38868268561453,3,9.872331191248252
98.05952819119571,4.237455546883564,2.9338385013150656,61.35746640823843,56.40622942095507,46.62302304657787,3,6.845065515968733
95.26753209780318,4.906481486511904,2.5213389671920448,48.91040689862085,44.85622696735568,55.74971421857563,0,7.751936330060873
59.78955673946482,4.7245082540000904,1.9319493880373262,75.78802452481261,65.22316607539737,56.470469518491996,3,6.462922174493882
53.46806504375827,7.992889504919125,5.709807191702958,88.86303524014488,84.81217306074572,35.50708976374763,0,9.065589424226191
55.038900068871335,8.497819314213197,2.1403670974844546,62.92740966759839,74.84073368405615,85.35247718236754,4,7.885789000346637
50.91109128257749,5.174312514708696,4.964774494456168,47.9361229059089,55.30207195551295,36.91966760865948,2,6.225245169309485
54.72214803779642,6.782189811235059,2.48476270194018,51.80129183876939,91.13138136553144,91.41079008375448,2,7.937528790085418
84.15033867081785,8.623866654061601,5.464767085954015,54.24899831016304,89.73245427495092,88.52446106561723,4,10.0
53.55943242301145,8.030408496214378,6.612047964054044,57.99385557967217,47.56090396304593,67.13131496515781,1,8.19019726905365
65.94878151468806,6.9823046302051655,6.335189323584899,78.56770423037855,37.36505510722178,67.61573449467753,1,7.891637621779311
92.24376554847274,7.2469122975232505,6.206384981980863,76.05672907226314,79.47852250104573,74.22667537736939,3,9.615470586483818
51.163596786791295,6.79598300803954,1.9079180426918905,81.76479169402235,84.65661568094919,58.22300071609322,0,7.985840697315925
90.72342412944678,5.636516482253513,1.1628871023838903,61.75011907189079,93.07187395708132,73.83333700387132,2,8.766139650405238
64.09273873867,7.107620960724589,5.742116213655392,89.4398591127987,88.39018364529863,37.68610332130921,3,9.008252508100984
55.90824138108281,7.788869161275499,3.262604103457635,52.245259669345614,71.03208609238489,38.242857640983594,4,6.386619601059859
84.83685826820754,8.803276037234443,3.7425966980251046,68.14244485108924,66.80314035274284,62.433825177172665,2,9.310848165775091
81.4471423389942,7.499602446885865,0.733618195950433,88.05632329248581,36.67046307575518,67.9773380663621,0,7.977691772155456
93.87360067635265,8.18616845373737,2.446823369562869,50.80951886395715,49.79938681068667,88.26905842014915,0,9.730769002413634
86.75355219019428,4.880393992250151,0.7525730290584802,46.59178682444698,62.576885103975584,41.27963803447378,1,6.589637852557954
90.17404651924244,6.538566109308844,7.093893294509357,93.02103806127938,72.71023400501407,84.35887563163337,3,9.475809175211841
64.10172862856533,4.051323909049013,2.3254751241389786,60.57577976555176,68.43510999910464,47.60284023752418,4,5.333781925416874
58.87197718898614,5.356733754868927,4.68002877179756,81.03220749454192,79.55815938090143,58.64501891060191,2,7.978820053010696
87.53073758204292,7.995539433121527,0.7923449049584781,41.52091625583631,51.78601585322245,53.996146089644775,0,8.634226172608123
90.3417369633632,9.454954732421498,5.501355434792435,81.40281330456698,68.89715645914839,59.00931637192394,2,10.0
99.52525710003366,4.545479547729688,2.922705093155704,58.96607869281823,40.28853460344753,44.029729884355135,4,6.083388441960581
70.63088384557133,6.208218737237085,7.234393902182494,43.34445121524651,59.81993141499242,65.2142044642133,2,8.484144707176657
68.60090428963916,8.400390327845377,7.160886417005269,76.58876569288702,80.00964997727607,83.09855538988204,3,9.320648754008184
88.82064803709984,5.122195990458944,2.9396796377131085,54.448228964390395,76.60405120574265,61.49204062273382,1,7.420273949491372
67.0401770126509,7.052967221162574,7.2572067176785096,63.2084345231128,94.43856423033074,64.43681455389195,2,9.254395092454326
96.53786628017824,8.03189212816321,7.971182551240841,44.83484873719082,51.67346755926536,85.92605511687886,1,9.640817664754811
92.9206375921506,7.387919976430984,6.69061748092961,48.82979506569672,64.89135795043875,77.36348687828185,4,9.100540641939379
71.44970136875092,5.034136040384789,6.836535108164218,57.87863412975062,54.771824826439804,64.42726451118708,1,7.749682026284937
87.54355338957487,5.954615127771567,2.3675655208181743,45.385570033609426,61.43618684355049,50.46173889135078,2,7.595598423922657
87.72714370423412,8.310854814669685,4.825267991433172,94.64957588117892,86.41700779216329,88.095604810698,2,10.0
55.15619344179663,7.048245827726092,1.004419354755259,40.36282259103871,76.0525445113092,69.6212241014335,0,7.368051854674502
95.12764533397834,4.02876287448602,1.2118845261625228,69.03161313185868,87.94647148085491,48.268856606641606,2,7.407381807929304
75.26261862239286,8.185449180154517,7.991694590249679,47.394847487953086,47.21066649991319,51.14718515828062,1,8.673134830316517
91.32287330538708,4.194212452171315,2.949794370694332,58.46074536867691,87.40166707048628,83.18798533617476,0,9.476976903351117
66.00248005153058,8.101535805021776,6.111379340366348,95.56357358909594,38.58573645070307,37.648733725247325,2,7.860027890434782
94.77616142481003,5.113643080908806,6.549987897701124,49.70167319643921,88.31595682622915,94.52553122172921,2,9.209836671041156
69.46008393670816,9.26940414065659,6.935174532554219,97.94993918309996,54.744426767643674,42.821100782887505,4,8.756278987415842
50.54188257401492,6.023674132161465,7.982212230516174,52.3476626193653,53.875258004843985,82.76411152381624,0,8.13784653391937
95.26909882096318,5.7981238898594345,2.311223639426509,84.49396650800978,65.72531460191983,58.68651900630097,4,7.8431301007924015
54.56433383930668,4.818884276828445,0.8026312014477478,72.8006358938387,91.4414112633939,64.53297099724801,4,5.912393278567892
65.96568187952074,5.680823185196182,3.5839363849593946,93.06872365580554,37.86688188088432,87.83903464787467,4,7.990013694255266
97.50309835254025,8.821579190055104,1.4756050237171021,73.23959533018785,56.133858504244714,59.774671375352796,3,8.279052717589536
97.5303573468778,9.479838856949861,0.6681941687154134,72.07355314937851,86.39431932100015,67.24962522039407,4,9.185452187318088
78.67189440616431,6.025702417787666,3.2032012035611457,51.72748002210399,58.763268646128004,37.957979744550194,1,7.348601664545176
81.59186060848997,6.467358470249984,6.378036883064273,49.97376172309952,46.94941385582402,35.14084843204719,2,8.128889333930632
72.42227609891599,7.971390160115053,4.746355184188031,94.98934906693086,60.48765087988471,49.68799238010355,3,7.939265194513221
64.66053858490322,8.87407679255791,2.8458349190776553,59.67029193100204,58.13315008950016,75.83498557512604,4,8.54133181247913
66.4332272684958,7.2617438380273125,5.407565041195398,62.324935297773756,89.9249720880022,42.275893601548205,2,8.589645148187065
83.62592280385192,6.153391339978061,2.2401363523160804,85.5894195057033,80.71606254458582,41.82571752827297,0,8.879145363546153
87.618726471884,6.26942012466743,0.6078608455406377,60.32940894536844,65.30693334464038,59.657636482154196,0,7.973648704881348
89.57895218629243,7.825899805732438,6.232650398273205,97.12374679834016,94.30223400329427,73.8702223164936,2,10.0
89.48090713972769,4.017700449823533,5.1780731364800685,84.27566613992802,62.9166518765554,77.72431953487583,1,8.39106744458269
54.560305152434516,7.407741356029124,6.2172696837572,75.8457545544052,38.494269849216515,45.707040445902486,2,7.827153044584711
74.72101523512907,5.955211557427466,0.7920351251574921,92.85370963268514,50.73645930889909,39.775288842322546,2,6.707928668254112
52.877938000832216,8.368085322023964,6.778397208729891,42.97635450096897,61.16422881315876,91.42382203673264,3,8.288728445495572
77.47644411618677,4.511448519027227,5.146446500272275,55.423761531352525,44.414157448767206,50.639982953726104,0,7.213360930401518
72.07652506866884,7.235112468216148,4.725465130344801,67.9021800532546,91.85390757944258,86.20078985652343,0,9.637398498156127
94.38520913791498,6.6453508943736805,5.184605360858987,53.61871236829126,81.01093386906638,86.8094870277691,4,9.155270930675934
67.54575062760394,7.53279039247875,6.983249351512731,84.63431123812911,51.09723202566636,81.35135550575266,2,9.21623353971628
55.853350821380296,4.356694769656326,4.902023799191803,95.15248186322351,70.44827201107495,45.1300163991542,2,7.497753829668178
57.149584102641796,7.189910830854722,4.857127849161345,65.4262071958554,78.28694942657432,84.30808755525203,1,8.269863050954108
88.07553158587362,7.088165233777381,7.930093677993243,60.527956006713694,91.47673573440788,81.1550335544952,0,10.0
80.91090316581305,7.08363051928894,6.17547625301426,97.69304392825399,87.89812095052463,70.80337940637303,1,10.0
55.05613380613951,7.319182166280502,3.8172035408835145,66.69114596965245,65.91153356829282,55.23212211013717,3,7.151144225416343
54.20534030574987,7.720573654744992,5.805477500246958,69.342904026957,81.47915718758105,50.75051625599265,4,8.347221656884255
85.048456572956,8.427439498244233,3.4192285376884137,61.09899234051432,68.7286852296551,42.31335272482154,1,8.759161001203731
53.638150318209675,5.4840139607051785,2.2165659686262424,94.57290838072831,68.1622334027324,65.58542401405228,0,7.474237656987199
91.09300296451781,8.537771755990342,4.9763890766581955,74.13732899691104,41.884517500291516,70.1156525305908,3,8.812560545759816
85.31211135782482,6.740406252448995,7.461365735854636,85.73047523089868,42.568259480969125,56.56033943094724,2,9.073110884858242
54.06743903209499,4.423820535238821,7.4685464001159705,88.70840310105318,66.77201690134744,63.521544060852115,3,7.033777815257585
54.241885704259595,4.322030110841886,3.0642895857911774,60.510942515035495,51.131692698740395,56.810867442156,1,6.156007357682315
99.33197892505876,5.838310752828335,4.4575809966627125,66.0216598792228,36.262214147628114,73.46036343924207,0,9.084520531969448
68.71353978780601,8.316933374113072,2.087269239273959,90.90830646437587,78.37035223401273,89.0755524677938,1,9.699036992325118
68.53210735334454,7.892245141075037,7.9672333212416255,61.79532110054862,36.9491958014099,44.83521572281669,2,8.180570098525964
90.63997836287513,8.337382305698235,7.858384309009518,87.63610800711108,70.71661046624328,57.8845285941874,2,10.0
97.36242886919294,6.8449798104288515,5.371316972805855,96.45953935446622,67.35162764763886,43.45211623705168,0,9.953150175500621
99.30005319114355,6.421094488755198,6.53310544758105,77.39262238408043,93.12888143466827,72.49662622446992,4,9.328444557846414
87.66890926294708,4.810988896884561,5.86325120962775,84.49763724711333,64.0527883608585,78.73223056931575,3,8.497671840262994
68.81297927654579,5.805060144851214,4.9486866427960114,88.3058387224681,38.81608618266784,90.91476395584735,3,7.533087457027447
54.17503583493344,6.387106513956314,0.9001099774167327,90.70237893379854,68.1012780683877,51.73231557565789,2,7.603914176309299
88.85734579637185,4.4873023632378946,3.910732569144958,63.70320027140776,85.46577023696608,92.0126723519258,1,8.806006791359057
77.92021248679025,5.213365739911662,5.560897266255579,43.07580755055989,94.8109570568864,38.795760309240485,1,8.409787054734348
71.21110046234881,7.290239117350564,5.581487104127635,64.11257627420437,60.82059042134435,71.18083180187529,4,7.845094422795762
95.3177192547368,8.046147128315544,3.2984196381678768,80.42537378704539,54.21792454980455,38.4279631605998,1,9.000444033056556
55.559874115307565,9.490911312661222,7.562689899935229,67.02102314684757,89.39919781711993,88.6264512657167,3,9.615609403928639
74.63125521454296,9.132123322389567,1.7551777417758574,84.93778905162392,46.47452774456728,66.78854342420325,1,8.582187338779974
50.567682238370956,7.534108597443554,4.252695846616705,61.41894576811983,71.9257349019756,75.16090104576776,4,6.844223623063686
73.43303209970631,6.316864293117396,5.681629824131171,78.08464846624177,59.34286545085686,84.89443555462715,3,8.052790230797898
52.815163784091865,7.49897550589528,5.728518544188569,51.185188291238475,37.46494189733332,44.01863734903813,1,7.052455432884822
55.9408958134036,8.321083899441277,5.364792175766117,84.96216619869742,55.837308458341866,37.31549371628803,3,7.7069713146346395
55.87631233885524,4.65084905007863,2.564661600888951,72.74175812878156,50.913711350160476,87.73286875477113,2,7.306476511506019
82.46051510580318,6.254476893329585,1.6715492651496648,52.24386331279604,76.16546923660921,53.895993647535946,2,7.542486852057846
87.30224396327117,8.618912570995896,5.269552451200331,57.51467040986844,91.9274298615151,42.73873447562992,2,9.073476661824163
79.16843825485799,6.111081235631742,4.994765871045783,84.91652251490994,51.082831242718264,63.107674225225196,1,8.015754232755285
98.10862742372709,7.145297491749526,1.8451700771693074,68.95607413969124,83.68795634910092,70.89836454176113,4,8.814978252578591
68.7435289761852,7.23273148474209,5.788543591779225,52.96188642358433,38.32158901630457,36.85823620535061,3,7.3441863088643125
64.28560431409304,5.014619392235017,3.9137899380024233,98.03627142221785,67.28726060238878,51.49373949542526,0,8.56013307447966
93.42995640947302,5.992294929087587,5.508204437023647,82.90750118901327,39.23300382259367,36.96799245661376,2,8.142541488289275
61.17979192597263,5.839812088080627,6.78025309827613,97.42808995238777,91.04197946783836,60.22012335172994,2,9.006519520069661
98.16112697203056,4.144081896926356,1.7729632143269236,65.62630272162059,80.98107683344341,88.70600174397467,0,9.63351139050512
50.60772373449082,4.133054701402454,0.6435865099762751,68.50602044150322,74.47699467227554,93.95914468961415,0,7.57388043937825
98.49394133538195,8.574333740216755,6.343269397968401,93.87731297110115,84.43378289747986,73.22285321021765,1,10.0
52.1579955975288,5.501889454850469,5.0727306886446195,71.50296041472308,73.85118773420979,44.69826162707551,3,6.682569822218573
94.55715568490356,6.8494332143134855,5.747296772165913,82.43673471434002,93.13666383045748,89.35096339995835,2,9.905699196905966
76.385055454315,5.642990654738252,6.786162312414819,55.1303726497318,77.83747687188628,65.97486939200363,4,7.548378139498985
99.64823980596502,9.173735848134374,6.521082011183754,66.80358812215843,90.4795165749348,44.22495872617509,1,10.0
53.68982823676994,5.426132173761756,7.706901101966185,47.406991948621304,66.02791352063828,90.30360016709969,1,8.224886306574176
77.69271422006604,6.363112470064143,4.519513091390887,52.3588021526177,42.02386477891176,80.44814304338618,4,7.944819992767677
98.46512678095495,8.80001637766531,4.16371724494929,40.056604916057864,66.69066328538102,78.90231636338909,4,8.999672797727046
76.15489220850745,8.630634617354946,3.5141539991804756,42.35590309891961,42.6123696837856,77.55084222766428,4,8.083689972328292
81.46993190676312,5.023557798154525,1.652682821331534,98.63702939061577,70.5496087505843,47.02038926578654,0,8.12892397639165
84.78743444923086,8.414538203876408,4.794554246615168,54.54122170820574,63.94958363165978,47.66040150245156,2,8.549126010113424
72.72705323838866,6.52002787705841,2.5775939324448407,79.79864257024012,72.3545238699669,76.2975799056353,0,8.555329485026268
81.37790400420317,6.656328796469454,7.409806341597316,90.3459819279767,35.6028188632899,48.183365006623816,2,8.053621751941128
79.21571559615501,4.734139848287691,4.873931032078231,73.03962755419386,46.690429499321844,61.32030180818293,0,8.204762596037392
95.05790052454944,4.443308325664185,4.946301353810826,49.18867000503737,64.47982591472785,81.92010953563648,3,7.917314955011365
52.272319017072896,8.003666188355709,3.161934956577575,83.68698624016999,92.0302136953481,82.03715108587045,2,9.310423586114274
64.04815947961151,6.730536337954149,0.8899201398328062,76.01508460597498,58.01654242130951,62.19570635155158,1,7.718530650114832
97.52057420382793,6.402678864383487,0.7380782402974146,83.8750353608425,60.46232156321808,82.53139629651471,2,8.671907646227755
94.51318919454582,8.012295257588182,3.6750135811489812,86.18479737142523,77.88176534039732,85.3173077718834,2,10.0
72.78283763928565,8.210320944451103,1.1342403357292838,98.5246220610847,71.22756543716707,74.28654507705562,2,8.982518802247005
81.00662989007684,4.873994922181445,5.051352166551044,74.4137968016026,52.93556900589999,48.705551138505214,3,7.549879638757466
63.86905914905663,7.356238322127027,7.107297542297431,60.498466761436106,59.648983734045665,51.44070682313285,0,8.545697408835247
59.40605798618807,4.74444745252727,7.121861123890416,78.90787341401423,48.06198793143395,53.89046932452412,1,7.682044580667372
73.18492024699911,8.13256297315975,5.442840575991743,44.10644255455757,92.9612875478125,42.00824646403712,0,9.544163533673094
67.66761140130264,7.613253359469267,2.0842387360469825,93.84383909929518,42.83806289344159,51.389577222196706,0,8.372485406764017
79.1828055925436,9.26138041595902,6.97247623519154,47.16286068029181,57.31020707398517,47.57115345875192,4,7.443839846556005
53.88673184824924,4.379269089960316,7.145700764849061,59.670570273149096,36.55033833320067,62.31972498851613,3,6.2000494334921585
98.71974038330833,4.313800966331899,1.9749018871471904,88.94472283756726,48.306769516012785,89.50625287233589,4,8.088750139833968
99.31053722398013,5.5520289108126,6.03069564328008,75.83874269984271,81.82826830280929,41.26881900523748,3,8.711271760214105
84.90808570098726,5.439381260547483,2.6488966169534223,63.618131216646525,47.07051393733277,78.21607543684374,0,8.464407866827713
76.80481831720601,5.3583833948959985,6.5198023426469724,68.40613956250128,39.803804151737936,76.23698026478766,0,7.901666944009724
65.47638081431639,8.984400192865703,7.97928424927702,91.27284359213081,63.467190790671395,40.74525191980146,3,8.606906362679188
90.68975098534743,5.372504099172284,0.7251950399704461,60.40026316359353,35.59815408407111,90.35434429434801,0,8.278877306191577
84.23655862769397,5.49572349370747,7.23024399343199,92.17898108873028,40.08596926557999,69.10833212940918,0,9.24534147174938
58.130846967244565,8.1766904432988,5.169729001989936,45.28806585860149,83.45755217377851,56.82353126814105,1,8.991302444234334
95.54635922469213,6.4735691334779695,7.8003696437361585,86.60790623251785,81.28840069157638,80.3923150097184,4,9.584224963231007
91.12686214615846,8.271908063253496,3.987571381448207,90.85285798328418,89.90832922429377,50.44192750409805,4,9.338945828393644
97.4899956645962,4.359513866604119,6.855409479285303,50.909059170240326,86.27092615464497,76.61059022277922,4,8.305838344920165
86.28597541941801,6.681641565203614,0.9679555144870793,65.82079194233202,75.99053379438908,37.38267245433483,2,7.38169318391078
80.6707597967895,4.184874801008054,3.014592875587218,49.929986479819334,38.13997143803977,85.36448225655631,1,6.466529810800637
70.91215181453094,4.34459261900445,1.0026240331340748,82.39624773965306,81.97091707919945,61.89025082127911,4,6.862386042407491
96.63642416770065,8.98540599339426,7.815073501093029,72.12086608369941,85.73064865043364,73.2015748614765,4,10.0
93.30319447502042,4.765849541146773,6.627304304538775,78.11940080249926,82.94492874631726,48.27426918840102,1,8.741052525329593
52.26093350530947,6.928313752513694,6.8941056593447785,51.78921801737267,65.50874211848156,75.62442275950687,0,8.0596446654806
51.3183487248626,6.261025814303887,7.5347392357542065,52.70475172314517,48.9741103189689,81.3344165535966,4,7.278271025456915
68.82316834390248,5.910388294423635,1.13827614589839,42.48983953059438,85.7197985413236,63.39279121306392,0,7.830599737328329
90.52766653909165,8.94908340128,3.3919819438500003,59.32405211174378,78.62976858440831,72.06361544370766,4,9.255441093265576
99.36380646574722,4.120028682265192,1.032761667830016,73.5846796800205,93.84567046333109,62.37955542934391,3,8.558530181637659
57.52084455517641,7.65084327396574,2.0809482616252146,91.47609483983973,44.34155586535597,88.64548215547073,2,7.397944096689317
79.70653576760675,9.298669388174527,2.2202433277825424,80.01564684752084,48.539874983123305,64.87215083085914,4,8.002381794003302
69.04454283155107,7.080925009040131,4.01830408285684,66.12377940398508,47.70788899289016,85.50852254172914,3,7.835309107632096
98.49571989073016,9.152523541182006,2.5142162559023196,97.18720686364827,82.5523860572802,83.08112349621491,1,10.0
92.10594615678544,4.287418336073131,1.257335801133208,83.1547120345499,46.214437787007085,59.630289280901394,3,6.343849337653287
91.91643523555689,6.303363254907888,1.7561831682058078,95.809912171753,38.999589789398364,48.8050695114485,1,8.79789089909678
73.43465798974852,5.430867850291282,1.604566726640682,71.65527839632995,94.91364839513773,59.36492795358626,4,7.3524787647581356
70.74097511688326,8.019515307394013,7.798075984342237,55.53425648758838,36.489032686708946,84.57304254651321,1,9.019426129117154
63.670353596535314,9.397133997734857,6.194693801888552,43.16960118188332,85.11464360953194,48.65795214916354,3,8.481986593162084
52.81877483254635,5.410915343443363,7.758210989521714,83.56509108903103,56.92201049303917,66.46618075146496,2,7.610663393572362
93.23611881275266,7.597960308107409,3.798053648809314,47.27817988033205,85.49692758546891,83.36580487764485,0,10.0
90.64505045650388,5.08953698017857,2.5877636124699244,58.166507696318035,68.2772294726687,56.208648507702726,0,7.8770869097514495
99.98588366430653,7.109316400143855,6.4871989790689,71.94825447303384,89.0978737691816,73.53257822016184,2,10.0
99.83184185369527,6.55162867678585,2.946904385308601,73.86499526678486,90.5715791848776,49.73789444292887,0,9.509761768842656
77.77158528013138,9.346029312973453,2.745375302790112,76.03499181922817,35.545890876846556,41.55676672208959,4,7.231895435650376
88.44937075902553,7.3468999998305655,2.243794941558734,49.97531982098204,39.524730559567296,82.66305350557138,4,8.459942154052142
97.23828649412141,5.922285046477503,1.4725923366817653,62.784244289298925,50.02152377425133,40.93811740452241,3,7.218461456671702
92.48236953387058,4.627526816883633,2.4234729576257448,77.031653627018,75.1589249818101,51.282883704775074,3,7.756580334337624
62.36740508715988,4.83185755804214,3.1648981135541576,98.18913187802708,88.29633179069036,86.30656531984641,1,9.100023808577841
72.52720676550467,5.239243114731793,5.554956561092978,83.65786826198132,62.59651707763777,55.78815722472003,3,7.067883806400598
56.45797075757475,5.380316637371639,0.9692363166458868,95.35622542563746,71.41838697645593,93.38272097084968,4,7.8619031018275845
97.70255136293612,8.678388318126258,2.078802047490072,85.73272349885062,46.30999116773367,93.7840600864316,3,8.590069624448573
80.308731722544,7.086725335553887,6.5676773021875725,75.50301813354403,83.29801003290112,51.0965612272134,0,9.426135868140284
61.43214027517314,6.8786500125590155,1.6019144268782808,51.52140214818067,93.03968668120818,37.45869333499343,1,7.412906423616719
83.58503422029284,4.6312287952806965,3.0698385989189116,80.00113911355078,51.115935974875846,77.30379705232275,1,8.260971819781775
80.90641202289478,8.730768313421892,6.9849419139360505,77.40277395759443,64.68955709603279,62.05919015890062,4,9.10327050508702
67.90813590164203,7.9754786676466605,1.66193983357582,76.14815022743599,40.166966630382426,41.04517063757458,3,6.886032425288207
55.67787960998145,4.372175990450009,1.1205262671364242,69.38715207929445,68.54819938777811,77.45136913868257,0,7.325276506126337
83.57865977963998,7.893093034763728,4.134034963100081,71.71939623935654,65.16700651080083,36.87049454671527,3,7.764280506529287
76.01538504518966,6.989460195384553,2.768146334589023,60.06655162708624,43.666189049304656,87.21180142953452,2,7.536521315842253
88.61591958678196,4.449489401607281,4.725562733628906,71.15876155853819,61.5239727870845,43.31915174679823,3,7.4431562700836915
76.00817505559966,6.52065352840761,6.528536678626064,51.85335434070869,55.04627912519379,42.6387127248035,4,7.3160517799028035
92.609075015927,6.665829579215258,1.5286136611455738,88.3104638416226,66.30985251831136,45.54033787811507,3,8.556838449232824
77.59534193872427,4.911759970898016,4.855243134157138,51.14661728192247,70.13926012572796,92.61598150952399,1,8.221060826148157
78.04689857676931,9.201339808501553,4.2913157029239795,45.097977393367984,35.50973471643257,76.59016161523076,0,9.36652615685633
93.83268013291726,8.674864543143642,1.5805908950989966,66.17476158142944,80.66035897697333,83.08229212781819,4,9.05644871924226
70.17414331061985,7.679622855310096,5.179988641467368,79.49844637036371,77.78085751170445,58.85809914396518,2,9.312012668383803
56.70076142253204,6.542625585503339,2.552303133955787,66.26300949601249,56.977183172391335,55.178763650297334,0,7.968538318426808
51.43913381566695,6.264710478714797,4.158757389080094,56.605247917078515,38.176156134129094,49.0690404069902,0,7.027542229689324
87.75686278368096,7.580354069330248,1.1170424320779642,73.49027103342644,80.29595238710303,63.83888169874454,1,9.019601364972962
81.01547756767323,6.99987528173798,3.946880429102173,60.82014012473199,92.31050962868795,68.10972401205011,1,9.629485777202447
85.20398840496118,4.342502082350371,2.7984760103211523,95.97206140759798,49.409095761320856,72.90649061916533,1,8.30807601438313
60.64820807544554,6.8187645682368245,6.667859083890158,95.35870837621432,54.41147682422228,50.427110239921674,4,7.293790929925708
56.818573779338486,8.435219894780618,0.9273404524802621,70.14230919832573,46.0287733689089,91.91924485417944,3,7.242350711144262
50.7272332833941,6.525819326783269,3.6395545618874747,59.673039641095514,69.61616740069039,45.18550989242815,0,7.441929572399263
67.52937794032985,4.285761176548476,3.938235680985785,84.22794483739835,44.290483678847295,92.93919048598474,3,7.75504059337922
79.49588434273166,8.324530096612182,5.9375455722433905,42.202776608983996,56.37163660768277,35.891367350450224,3,8.168666133786706
69.61220225498661,5.107500801747859,4.807156813176583,68.48614036261907,76.82078083605577,63.867541509010735,1,7.74880880819375
71.87374610118646,5.4224145918842135,5.504092528956358,60.17940365622001,68.6069589805609,55.00207028699377,3,6.9458279141679435
95.20793472468742,4.905884943877627,6.327869642388171,95.23215310615328,58.187753859676114,61.94740483581505,0,9.79980303634596
67.41277335116501,5.816182856793237,6.966522302436416,40.720181636360955,60.21497610845252,69.23987473884733,0,7.9054527206042176
75.69947445799053,8.162133281287492,2.8540662254185287,73.16889254310095,68.72665295739377,61.13534948076254,2,8.82886761618746
89.18265063705715,6.8566222272716555,4.5351702902292725,84.43981486399755,35.35188367322968,59.8908110180957,4,7.511399033609943
69.8271391160635,5.1268470078289194,6.800810588293999,69.10107925144247,39.71059210721659,78.9634049247984,3,7.985294067460653
81.10433501139367,8.828065429836226,7.920883482237923,45.1241818097633,87.8754840657807,76.15257650518788,4,9.198860731987743
93.11818543733726,8.83770020223341,7.1713948328282235,98.34768340167413,39.672739345477446,84.99627692215087,4,10.0
97.47603118288211,8.788181337753038,3.286004469682826,71.08062588256587,77.40821577263031,49.99753887436974,4,8.972070084252069
57.3536740464519,5.313379162598466,1.963748879139878,76.85117465914068,90.20228984654315,71.5717105852438,4,7.151371087678851
96.32938125807472,6.481816392995435,4.170444030549415,54.19658696245044,51.24101625810387,70.11168712357123,0,8.334478648470323
74.6058146539769,9.417443108774812,6.062310888770317,69.00988510640823,57.22948622357086,57.184268652361325,3,8.096029861498804
62.91221941494792,8.246068619704946,4.194268030649732,65.74896951749932,69.13528435068298,64.16345251416085,2,8.377642004908434
72.95678781191307,4.149420816740579,4.123856474852514,44.49375052011902,87.90253817831508,53.82692859834373,4,6.647992106975247
99.00162876427385,4.358625251932707,6.786728158113505,46.36962121284803,91.51433523562521,43.51066385701911,2,7.915801985159091
74.63090469964348,6.55162257246783,3.2105283430038978,90.24835117712647,79.37379488667608,47.828072639763974,0,8.530294217322608
66.43758051437541,9.000711132238582,6.948460061087342,54.38919713239542,40.19718565128164,41.330818784072065,0,8.828558787010019
81.67004271583629,6.962859888739928,3.5510360071379266,51.69749628991784,75.14924933209105,75.98417451140745,1,9.114887632983484
62.00728093890965,6.737968794188596,2.9617482925875454,70.29468707500835,59.618223312359724,74.64364358654909,4,7.154218022988958
53.7931664054332,4.580105349761468,3.9049243339977426,86.12482788175078,63.242059969463696,92.03638229479236,1,8.17308238060568
56.44398609553246,7.612290575983617,6.2183521900615135,43.71679111473927,37.94890342071062,78.78070481883448,2,7.269747340979407
56.40229194788862,8.521567383301239,1.445015208979957,74.60847517829535,46.46372836078149,38.12275032536789,3,6.677649104356062
57.595134675614716,6.092310041291593,1.9731441190401304,47.1526265704344,82.43081645201886,88.05471043573725,1,8.549891270912441
56.94135863247051,8.265865180089301,7.63583619247319,42.18766304953711,62.237529982871585,86.76050977674355,0,9.383357487290645
82.04373724016074,9.304621596454464,1.8161872053601802,43.164637129733045,53.09973449786893,61.59921924636192,4,7.7760157687039735
59.09400421995724,5.12071552520229,4.757954884482909,90.04984649250648,58.041144437897486,70.1517830316753,2,8.400451344959714
67.28336416619317,6.878312971571077,4.844858499964534,47.07834901768369,86.26397079954081,93.56469994835113,0,8.965618132206378
94.8394204953006,5.579258769465166,4.172183465376836,42.70908186473752,79.93994104429741,66.93826183088997,3,8.380701617777898
73.69808201314362,8.360699304686117,5.33558936432614,66.27399322857474,51.33892383086497,89.31930970256539,4,9.127195388713435
83.37788692605136,7.1767635123463664,2.223700443482138,90.63960831652149,42.0501104127424,39.98232546861119,3,7.333301471725493
58.61599356008149,7.490203296526671,4.644967008325612,55.74450258935812,50.1198932986443,46.46311212252097,3,7.245494434498494
59.61445094043354,8.388527877887418,3.2912994143517285,65.30275705155498,90.24538706328403,61.44529660647907,4,7.687761402771133
52.043430813323944,6.177837599643501,5.462504447218918,42.39535195382507,69.89533027098531,70.08540850023829,4,6.538110467641055
58.44675315360823,9.032995376238738,1.559176575298621,66.94471084809256,67.00881252468697,83.97367111176801,3,8.407386043653759
63.92951695159793,6.93165876985377,4.781580626296072,74.65678483822802,70.78361598154768,94.2957269085912,2,9.162140137906073
58.85052421383734,4.868751525594414,1.8895276653749278,74.25442322512869,56.96169594479092,58.33108978844699,4,6.3650077525632796
54.43512668785278,7.827445149928414,2.589822973362773,59.945601530461914,83.42642121917076,37.84493816840509,0,8.635114265252215
56.03179355503004,8.3629374274104,2.1403235024268743,58.93199083978813,66.39717495801499,83.07029019771949,1,8.478753301825767
73.03893840163629,5.742189223871397,1.8712833490161283,46.39741713619587,42.004874166127735,71.26284314496849,2,7.260706600331765
60.31668592028963,8.714485913493142,6.692832136705002,62.007899238776105,42.743907489743776,46.9125715320921,4,7.266936841648195
68.21349305240378,8.983787901211716,2.6428067574566776,45.96968013237788,67.21154879015711,64.68970739728522,4,8.030453855405124
75.17086354274284,5.522974680577949,7.45342836398337,85.9957566827231,91.19421308425035,79.53861473202346,2,9.483395284896659
84.51974143146826,9.409368099933722,7.774448940088932,97.97645786489116,53.50112730057192,81.22470722411862,1,10.0
51.965606992054944,4.773913404268171,4.78445352452823,98.20446740000241,87.1724701315531,64.97710471992572,3,7.711792193872067
89.97051994545214,5.1110861762136945,1.572508419992948,91.90426596252362,80.84573519473275,53.31287180773155,0,8.223961399095206
81.39501947454539,5.013236615809143,3.3091118253468594,76.04752896037715,49.86874657441441,93.42455492230961,4,7.1059864873104575
54.08795159744359,8.916943405043288,6.482991975111605,82.0519418346328,37.18044489897455,74.80175665738957,1,8.922330198538106
93.67893120533887,7.59860903778729,3.2554304652280286,57.112348160824844,41.11083590854297,59.49425116077792,0,8.236434955094303
96.04362002659066,4.836573557722501,1.1526291372709156,77.84622521035723,78.70963603084641,51.827793452279145,2,8.216369570529018
53.05389799274319,6.421778801025919,4.675886831961409,67.33897296639265,46.9801842824388,78.86617898021373,4,7.172678992885368
63.843882407360184,7.384139137883912,6.838406386220261,68.92104038661594,57.27625523032363,49.531006735626065,3,7.909996667038673
90.31006398965306,4.459052467441608,6.469447903576268,85.46659362250948,65.1019499603855,45.30259933842129,2,7.738080454679099
87.41298451918291,8.853290026240362,1.8134235509776493,56.915101335835104,78.52809010700977,66.79003333772422,4,9.03619219494245
59.226050967818864,8.419819444928443,5.5457346080935,59.082376701671194,41.79387339554752,52.39924355864851,1,8.738700239483958
60.467466166835514,6.77863725467151,2.1537819757673535,95.4785074677182,59.38198431664769,72.7343086954169,0,8.635594682368351
68.5236051395691,9.319196383925437,2.1365565091412915,43.373457691058334,64.10437454856172,42.07632049245401,0,8.590813513576292
74.22614925955106,6.297685386013049,7.055538299788888,69.13805790480042,67.44962383829238,74.29646627403929,4,8.231906307856688
80.9127385765148,9.412606754700738,2.3725171455517264,94.76804802447171,84.101638483713,51.99779167986213,2,9.80681063306162
68.44568197848862,7.673559993419949,2.4743550988850838,76.62178046908943,45.300691702593014,35.01457606607077,3,6.924056219474782
73.1267358066574,7.490692002896678,0.5049004307097467,72.78442445272793,83.46988710959734,42.61616346045058,1,8.192669234066567
87.37354690668784,4.912751924126818,7.030017755941382,54.984650753761315,76.57270566179913,91.01692267010564,4,8.688735732154822
51.834160144529896,8.850602670675542,6.44446109906851,60.5965293438669,68.35224885193756,87.04127834692147,1,10.0
62.62184721720104,6.351193283563383,5.204967013180085,91.12290494828157,76.97167222415432,49.01654192217421,0,8.278901042850414
85.66747929422762,4.892283731803636,6.126993229541317,73.55308790610749,59.721064337099385,81.70231427272947,3,8.196802190636449
94.76034188435997,4.069341359866675,1.6403642556836884,70.8845316254068,43.30385515808747,71.51429559043845,1,7.15960419035708
75.58387210578331,7.078656260011105,3.9374269594068156,45.974782812401735,74.94591441592203,93.25428268699217,4,8.74649429683435
76.60567426326578,6.90069792167472,3.1341454051158566,40.96168938730739,66.48033840113733,57.41633957204355,3,7.170186922262768
55.358600566988805,7.9564449230303715,1.2033239469276236,97.82111132122294,73.36248803256653,75.88763675103027,2,7.973211219774691
72.37061834117273,8.896419291597912,4.145978639111931,62.619170037210495,55.2799268617094,38.81214334543512,4,7.751256502459289
76.63086332275115,4.436736215536662,7.405547377569765,76.19278372597026,89.41199464039016,58.77484080898436,1,9.379753036792964
62.12352518173648,8.023230696871993,0.8004433928802086,44.782904391237096,70.24219211453462,92.82905967129082,3,8.057330863870654
63.46216154746905,5.030765692536702,2.685956851203454,80.98685714338279,40.12414905745243,67.33885246700723,4,6.303268511181041
68.86420815523113,8.719973792364403,2.056557021542776,95.95400252235765,61.98823944226572,52.272770200090676,3,8.39413017886998
51.003559888886315,8.504849326239109,2.2860999024927224,74.53991517984518,80.38136328461806,42.216257787716415,3,8.014964427357496
66.10395827915892,6.974365652420494,7.313259139095314,47.566919342524635,82.64807370393635,77.21170041089182,3,8.225865125515716
60.572400349827234,7.906335392428213,4.010517906757176,74.90329164840861,64.67582316582553,73.69136260578361,1,8.73771368758637
66.37486760889573,5.728925622510616,3.997245597048641,85.98083278627914,88.68485424987807,57.43632281622648,4,7.449651316840826
55.98810659096256,6.591423444130481,6.204317318414617,64.38499219444111,51.060106231657855,92.05648111195006,0,8.336642773173413
94.52636403699475,8.519002937407594,1.6586915300369436,92.79026487648807,59.635921834296,36.33216877927102,0,9.262530123330823
79.67962267770244,6.525958584452677,4.154490155750381,78.92097720144187,88.9158146341382,53.22343109790955,1,9.411949664508507
83.95511595722448,5.967890459289929,3.724889105907948,93.95493509735215,88.77540298829473,90.26416917797488,1,10.0
89.45856193036691,6.718168459876649,4.976830179099921,77.41031867484023,76.14276612948086,54.256126299166425,3,8.876281649466241
74.92210994645286,8.5553708884047,7.996682774378289,47.877278320289456,86.53883282733321,50.135170031310224,4,8.744451221547848
54.34601440437118,5.8436442605398,6.2708667056153535,58.58150266631135,40.32639601737396,67.05322459587484,4,6.6257642053770205
76.85532709092739,4.955688762246591,3.483992772630704,52.10769689514741,86.89969857246658,84.42810499523227,2,7.890714700368085
79.34205590104395,7.916077111819295,6.7066478920553525,94.52958986301174,54.23719439301361,41.18880565270166,2,8.775021238761326
87.2719737092165,8.542880169894449,1.7803127248436015,85.62400403724897,45.69989074569298,91.58124257874417,0,9.972398389452605
71.58297731148397,4.553506131879433,0.728477647317201,80.58390213460036,49.36219018052278,82.70437287086983,2,7.197708456255421
56.37901513977819,5.319307620157696,2.033362793482048,58.0579791778973,60.078110480833224,45.87501533309312,2,6.360130493440489
64.18879528993622,4.780845943685467,3.0530866708569473,51.04268632301281,50.07152027626803,77.72047767188977,0,7.329985844719158
68.15411481993175,5.913677763701917,4.3293556809466995,85.3870652793347,54.23405516098994,58.097523358253426,0,8.1591533732149
82.29586206658007,6.47693038397977,5.113468554058999,68.44947675274477,43.098709164298526,59.137680684579124,2,9.079511676833398
78.53891523344559,8.118544853298186,7.329542879108163,53.54737312903775,52.77060593353991,81.99740554633198,4,8.9130359595833
67.80483629489231,7.581311716849208,4.323905071628433,76.99731868991651,69.33702887252008,92.76708847884393,2,9.2778336944477
99.32576243964898,7.4151071211313715,4.259567334692971,42.420031128307116,61.51122248546383,42.59935237083164,3,7.950884455467672
80.28874096784436,5.9380622063530994,0.876822573672366,59.57021524769521,55.80312567415467,60.23781421272916,3,6.774952824332518
61.86133958679972,8.62796154196618,0.7618366449216786,68.11341967546808,79.78712773142684,63.856496485058216,3,7.938695795687692
55.089123631020186,6.592079420689905,4.63369971437279,48.87750004656435,88.61059828359907,57.57870901729986,1,8.114395205299774
57.642956959216605,9.38507715908335,3.786339599362584,99.07926865545038,80.40735337414382,56.7913474229735,3,8.254027259712082
62.29788641922541,7.487781760626553,6.79385296235224,52.54584187537685,54.92004212706075,38.13612005369579,4,6.408762666513535
58.03406866297779,4.694456078604765,1.7050968853388389,47.82118780259593,79.66653007025323,76.13231723375739,1,6.950232147192343
59.32835120256529,7.7189765914148865,0.687287465877872,52.21209243321378,44.11881094844307,61.17286502720272,1,7.246099171837471
64.25475843469235,5.7880720848743445,3.867790759475944,86.14366798958346,42.81907928547746,46.687628158635604,3,6.632180163891048
58.66867976473774,7.774799581773536,2.281089175641931,65.53033955631057,55.737622222169534,83.9620101381241,2,8.51769379259451
94.83827123132126,4.383026314893232,0.8721078000412809,73.92495638515229,83.46214214264342,83.15364488909768,0,8.432374728122047
54.01168728308211,4.961847904467777,5.934487151357217,41.26054941918164,49.78089483453811,64.18349768533363,2,6.282395635083747
76.22556947851274,8.706554923981825,1.336947499679356,42.065878514398875,38.795204533920774,52.907039668865636,2,7.931668603819522
70.51984134948307,5.249487563629332,5.0623962500582875,66.74953298962097,42.90257211238131,73.28556354778715,1,7.783172796947486
99.11893084543033,8.60372618883617,2.607873126251669,88.99931459209742,86.52469811177481,52.28912814664419,1,10.0
55.60194510840262,5.536018486499257,1.8012203776626652,93.11433272245392,73.02699708483726,49.16047581942272,1,8.134248759242539
69.89277995228709,7.535850505322892,3.348136421894881,45.20239405573841,50.1920698021986,78.8308792415796,4,7.052214884161859
98.47352166376845,7.81782815430407,6.510843321672152,72.30178612606136,68.31774951969088,37.419514383257045,4,8.631584053892967
93.27535629469901,6.819601142297791,3.440701826784295,94.79378117675623,66.65477734552103,40.686108262075635,0,9.174601377140315
90.85360354746399,5.679208721832023,6.1307723690829175,63.278365263873184,74.32615870643968,35.407290441415384,1,7.792683924773616
62.895141352246995,5.169544070041029,1.4411472259936302,89.77394988570211,48.991253265296976,44.17659118852557,3,6.113694005028207
58.54437936950329,4.182541450093344,6.295785647488094,48.02173926396617,86.86417923166385,39.13940052262757,1,7.413358185369536
83.43216099622154,5.671705206823981,2.276999936799865,96.12366938006792,53.56211372480077,94.74814206679511,4,8.22687813896224
96.46879945637929,7.592395347922057,5.580448474166546,85.08539905187816,76.64789923857421,52.32859819724538,1,10.0
77.83814465069649,9.160676501466654,4.743361661307473,96.4800635672141,35.96747878233289,43.95608076015483,4,7.967129365364488
78.580634473495,8.791624652446785,7.468585379087655,80.59703401315039,57.359427793648834,49.45977547975508,1,9.37048101248773
63.998954683014205,8.213356270944164,3.404918884814855,61.80423591996562,56.1025890775285,91.16753429240808,3,8.722086659405846
88.47464665959684,8.336460387893144,0.9962389162583034,96.29087035148335,67.60906571498087,66.20961338146374,0,9.66811200896521
59.35218742787617,7.657416969117974,0.6436661416343967,56.53400657855071,39.36417570663179,56.88908577847141,3,6.533215525230685
66.18396182021218,5.431577716613017,6.701439207295649,59.93035132370395,82.40788242356649,87.40348747455316,4,8.044136742570359
71.27182193082083,8.989572668882065,4.435517282460742,82.04850508010442,48.06684810605411,58.69941623294195,2,9.227486503073937
75.38051893422275,7.689027715482087,6.314330388762119,85.91897797152318,75.62226889292062,55.10051419746175,3,9.242959483325553
62.12048662075401,7.08242347039242,2.2581920000863605,95.76420903094923,83.1927273946456,47.43695135298413,1,7.976907806456261
55.74184123696018,4.6104420806741455,3.088128091349253,52.28814454337257,68.71261737449079,57.66780943456469,0,6.6454162750075785
80.53100212208163,6.45880549093534,0.725779041584892,87.87988211315343,79.45299240331913,54.00106136101556,1,8.675276585035743
64.43152766201278,6.531970491610595,7.711192434305842,84.31276320381781,74.71161873290033,75.63823755788846,1,9.3249847643603
79.06191107113061,8.755099852374684,5.509009300256101,43.82767337521587,56.33178782912046,52.37496228024362,3,8.034733653935175
57.718135763710116,7.006565211032837,7.4990381581947965,63.23338847261242,83.53151234201391,69.6319847853537,0,9.675938149536618
74.05700509274087,6.092203019337253,2.4912230557180424,56.96592742360592,52.68208219313168,38.953529901918365,2,6.880476604894179
76.62947162757929,9.372401806808625,5.085977084192456,58.26942546124182,69.27277506509103,46.47734940179086,1,9.249525300506836
52.591176841121346,4.608963263294736,5.588749762194784,98.97681277328205,79.72386434849237,59.444316296680924,0,8.57014074048298
66.83021390969603,6.324016355715695,2.8816227519319133,78.56664480879567,57.737354588750456,91.21695523452172,2,8.076853274948293
56.72073384694871,4.231135713442729,6.860819262617225,83.06056946760998,53.1660564570455,57.635119142941726,1,7.922556103435287
53.168748523638385,8.069472664218118,7.603710971751859,98.59705823890056,62.560760610369364,74.84444727199005,0,9.511177897047416
99.49801161949726,9.049421037095328,7.136413382720033,62.632106947458325,84.07780966094921,50.30523334528389,3,10.0
66.11769224873615,5.540205312527692,6.043002319545294,88.11041010716835,90.79530578873988,42.6220145583939,1,9.020897026859718
90.49372229273175,8.720879222395165,2.5809850979371554,66.07185779826972,67.70500477159341,38.51219600480301,1,8.487635622567572
62.732032738188195,5.6072002675404375,2.612120315792238,92.1720203088988,74.68797231941912,53.32480991256508,0,8.058967760878444
84.07513611119646,9.009235889041534,7.725202403345285,50.83945247867819,89.19641733433485,44.45966160781448,1,10.0
88.01139299448432,8.146790469782312,0.5771337195176902,96.86117062385678,40.91281108477654,45.44062688096745,2,8.563310422564584
79.78193703039221,8.426987272627912,5.8703747993160835,53.126302504652784,48.9247146719699,80.645558503217,1,9.251736417166592
73.57880942750792,4.099036055802499,5.7968462191644665,59.57323041885589,77.53400037509495,35.950284256692456,4,6.217703101362467
70.59204570736343,9.295456963907142,5.1701715571234805,85.37153404640682,84.42466771473798,68.46860754412606,2,10.0
67.44341332714977,7.996690456386778,7.925816345651493,63.6253084939244,86.42174169983468,57.767682835607886,0,10.0
96.4764572123913,5.676131024623733,2.8390957682279394,76.4926826059868,59.90643061129596,65.39299999451283,2,7.952550619450876
91.53097038938645,8.561670656723658,3.0497889784493615,66.67441006416571,40.36039413751201,68.76981423287617,4,7.761332729534294
98.25134553332563,5.5483665912821145,1.0920455220991667,84.5421962253869,61.266888637977196,53.80206166743669,4,7.5016272894467235
56.21486117427724,8.800146117613703,3.8209860240780307,53.69987514211665,48.84407541242322,52.706531611057116,1,8.096431369306286
86.54337376018222,4.619192147265654,2.4578639467613606,43.50747923421262,52.47178729979745,79.00411096009435,1,7.459154030243155
96.91702284105189,7.8702728760343765,3.0754002663323314,57.99576384838397,81.33605341025034,87.27661928726943,3,9.703358980463413
59.061653308283006,6.973841621547007,6.759288426917207,68.45851989210581,39.53162516155321,46.55489794751168,2,7.126647878997325
53.32481336833887,4.530939586074925,7.516133851456218,50.08120313156071,84.65487304884212,40.85712563210894,3,5.934308594811448
87.05603246450295,5.330416055423615,1.8929980400388922,61.28783737938332,60.660145149450145,88.86774838352156,4,7.322786355372964
78.7236556589956,4.0682221995252315,3.293816986650994,63.99898109761411,70.7638358660357,55.99372781884392,1,7.496927229042738
92.0914388379136,6.578223810054782,7.4647292158654555,43.44351062129641,40.37913387414074,68.07904343976885,1,8.609103100670279
56.988618831314476,5.656958934180002,0.9635634551691697,74.99843489105227,55.24154470143678,56.57258867120021,1,6.489876758715514
89.76336559299452,7.290966163637673,1.192703960835339,93.06060567827726,40.38205514089075,42.54814018076308,0,7.842680569237971
60.08136600238723,5.634807942397394,1.7209324190467203,49.104574777183146,92.69262337286656,70.35989869686368,4,6.650451604291301
58.18279714328523,5.649555113288416,4.964096255951561,75.86848080409084,83.43569895957503,66.50845110617777,1,8.618532375796065
58.21328989654965,8.087562593023819,1.628542032544981,79.88435229465077,62.57796526138762,47.17961355147183,4,7.454412873808312
90.72873601156911,4.264785597880944,7.760572860880501,65.16008082515731,48.41615289942027,62.11214267913667,1,8.682289777134436
83.25986103481,8.96592247355593,3.8503589544389025,82.0658552418562,91.00730631499113,82.81685024093875,2,10.0
76.15327123845597,8.687451309151498,4.261384702626248,64.64389260946072,55.67579574361831,70.42556618647347,4,7.8523022152237605
67.94152420617513,7.672925757745236,2.3499396185405486,70.27823727864609,44.659065901242485,40.81503962401969,3,7.113738469105066
93.86002704065541,7.2627186355906135,4.032201893260501,40.441182673265615,68.78986330723728,67.8812898337481,0,9.524908424643417
69.62225537113177,8.907663739768086,5.4643522447775865,81.50320684808133,91.62644722068896,77.16429795737521,3,9.864425174872098
90.82997197357886,5.019315987407929,6.133828527155321,79.68056073668347,35.22981743001935,82.56220434684508,4,7.047860734477762
71.95674542851091,4.434330392049557,6.154010620324348,42.304052639580675,49.28749059523992,72.747054718056,1,7.105661684271739
68.84722147124538,5.31730593450246,4.834183345205663,62.09500644370799,91.30685842462447,44.159489872447026,4,7.081962208991028
73.13398928348032,8.370180532851046,7.282698312453929,98.74191044750005,45.26515801142972,77.61039599540965,0,10.0
65.0688937082071,4.1906864669956585,6.6305588547958205,65.244193754117,41.79460709838919,75.64051076489099,4,6.809313743402296
87.38046900881255,7.205437592959193,6.177860860239691,70.1167243079105,69.21123294798826,36.465612976437995,1,8.985772872741943
75.13601950462396,9.474906339052204,0.9170414126034547,94.5958094895831,86.71062939768979,59.70486005541459,3,9.270875279391724
61.61063475734086,8.706328516106467,0.5515847166473699,83.03571255194538,63.62658906163557,54.9770148177424,2,8.025582407147722
94.97872866372842,6.867951289739742,2.0933545789660473,74.92420786745342,94.67385540107148,75.1647238552186,3,9.42774948227974
69.19456106866056,4.350025001076533,5.476426954350892,87.86828088046435,75.75030197227957,47.968148738655245,1,8.021705831036718
77.17764305569943,8.572554329121404,3.5839811666190937,91.86197598735839,39.44449443262687,70.45231537845551,1,9.15219449890491
95.32360554822735,7.294381794974658,3.518046944744838,67.41328430423602,94.56992790091851,89.79235770885035,0,10.0
81.21189979569961,4.632131483827617,7.134401661722103,68.50650189591012,59.473654206811425,82.86814233251647,4,7.830648720459048
55.8449020354182,4.516215066528459,7.216721360988791,63.16305613911015,52.244152030728955,90.28746417299183,4,7.106215687250639
96.99160618067376,9.002947506901258,7.318814480401893,98.00236840110763,68.47275101467314,93.71035801596139,3,10.0
81.38540265357089,7.680601446159431,2.854085573862705,81.82997525742103,53.25845550925186,35.640207620369765,2,8.096597559716919
66.7452807328543,8.561077396242155,5.682918595544463,44.99338397248434,40.18745042720914,72.36447658264865,2,8.64706525125939
56.96360363316936,8.834383951552471,2.5372488595577725,91.7775773987811,35.085700584750604,59.770363865534385,0,8.548122143920832
89.7012594635148,7.144747936265772,1.9295737480583735,68.83359645017609,61.97500117521574,86.5912694201073,1,8.957815500300715
81.00363779642568,6.8459549346527275,1.884743430105269,44.125234385349245,85.21180533359554,50.108882120547904,0,8.78645951549808
76.67305459881608,6.367350756765446,3.0658071564769553,72.98303530979867,69.33891113780459,93.86176934690457,4,7.669225197460975
94.69462915254789,5.743206232851156,3.7246821483486627,65.02985673854212,94.95243793660646,71.82247817262484,1,9.042114868330648
89.42986056122655,6.390277784722915,6.7321187829130125,92.66496429175749,52.210798738832,82.61224413372986,0,10.0
57.58374398663756,8.25633810651586,1.3991832010453407,52.23967621656324,51.82730388560332,40.135973169366096,3,6.730707655109618
65.5861033897774,7.310578870583224,6.011943855461706,89.58787656953098,44.58496761403666,46.0074730855319,4,6.947976319024644
62.424456990723286,8.908878094751653,4.48591185641979,73.46132147112716,44.84381529592011,80.50422038205218,2,8.538622238628738
87.19731462863385,6.438590079085532,2.6595900700699437,43.276618192808144,52.11119576060287,36.319191322359416,0,7.47399215032393
51.67662173678897,7.3389926829531476,4.196146883996184,98.31071807952908,82.57040271641162,84.01267915362698,4,8.184353819321847
78.49448424356582,7.4721915420059375,2.7495655233276697,70.756914646192,89.34540743818687,35.836941121514684,4,8.077796308090644
88.12293428703452,7.2543343926847905,4.970614664287295,57.45261125389495,93.50523018246088,74.4271303436764,2,9.796010557266515
93.83828183808748,7.86448575197034,3.7538294214143315,68.16441051935549,48.937379245787156,56.905635213908354,2,8.663426565579838
67.10408743579538,5.305884076061434,1.7330414680915904,91.47146701104934,87.8778527368455,71.68969116315195,2,7.902474478584566
91.06286523360063,6.818000776501849,1.3743730591677255,58.29418746310381,54.69530535664022,76.76188441934681,0,8.355521410548073
55.53158684776036,4.573236415445912,4.600217615540976,51.56058378920202,41.77043267101307,55.548513151178255,2,6.573465395025566
92.3226145867259,6.114812302046468,7.268097749645776,47.74427481585289,87.20149553120993,41.47774688665013,3,8.597066241459622
56.37443311659912,6.682168877416954,3.0796826491826415,57.87156390341268,73.16633807861712,39.17875206489594,4,6.159585572967155
69.86436452801837,7.587233427500099,5.9975008041696745,86.80288522240261,44.8838537648637,70.33616135375287,2,8.909391160968118
89.86476828897767,9.227920789224118,5.439960162048252,68.2975819117157,60.78987545078015,66.23932122404669,4,9.082178744176163
57.49587136743869,7.303580866015958,7.486661857321107,53.6488962216124,52.23546169262406,79.53206054726795,1,8.443724284147116
61.462569761632075,8.089766538971078,6.657357629743556,49.97109997658495,79.20767412261182,65.58413060023622,1,9.171625654957468
86.1126284196533,6.784463327223615,4.749539441790972,59.96376859062275,62.20497383745608,60.346747401852745,2,8.161338499562575
86.00182682730372,7.487572172569822,5.427728736755805,96.39546237314252,94.3567967063831,58.885230694173856,4,9.205322077511658
82.05738164426486,4.390127188735754,7.237898499380261,60.58160275540146,38.284698935575705,36.58681415586005,1,7.2326164159220765
84.697422223355,5.399153694630158,3.496390884402011,99.28744455727812,56.3009159681748,55.13343210179943,2,7.898275804730338
77.13622216737981,5.990192012628263,2.9509602939333304,69.11382734592138,63.914010026598646,93.56120945146965,4,8.073689536875106
62.58995294534763,6.598713452535825,0.5810831272639725,50.749835097409054,65.18801328489918,87.41333457362532,2,8.14185852575658
67.28479967519597,4.251068100263111,6.699133056435982,93.46840550761056,53.95614934313821,54.762684022053065,4,6.623686187318848
59.079885840071285,4.770132536543247,6.507355253025237,67.62132238808961,78.75441494585408,70.26772430398233,1,7.530015018057717
95.42252806668142,5.522478692852182,1.2834088857511354,82.58028061027147,87.48482440933849,85.83780473212963,2,8.39260245072812
79.16958973830603,9.343429799955778,4.8264303584952515,99.0226949925491,91.32315811867178,61.476460205004116,1,10.0
70.042570838182,5.822408539066779,3.9798627362516554,43.01052101919844,83.30560260797157,36.077471825009056,2,6.9368112216600055
73.10029018220663,6.651225819616454,1.3903182163183359,45.80167358725403,86.03481183839597,39.4706277091184,0,7.999370544912285
97.36416698059077,5.078537420061162,7.8542617029554265,83.22740448776537,68.03271803719973,65.6235632809224,1,9.544498240770503
57.66757015580401,7.359290390916725,2.110219155975166,56.90950019772832,84.55329358560888,93.1663625405527,1,8.169221344065472
79.31149160083986,5.543757685337859,1.0042563506792086,51.058083817005944,53.21023454887713,76.59257253313206,3,6.297016449072108
75.2944339442233,5.138459181411347,4.961355346264321,42.36171278918377,58.90872572655286,39.254971486314176,1,7.20377330397655
80.57271177173239,6.841149456452885,6.041500078497745,41.31080271917211,54.01478082911266,46.36165254751177,4,7.192399475157198
50.90550919104203,4.0302818953823145,0.7433258453539022,86.46913618718744,63.043240126875524,81.27938859301099,2,6.483716133695406
93.60619544720757,4.042152179570739,5.440382290452666,48.066005642172996,52.134776974318186,85.48638559737469,0,7.932409551104032
96.60591412418063,5.204878450060217,4.492189069635908,68.06323695826904,92.6966865352668,72.06167517131544,4,8.674815972165309
78.25665917946044,4.201967493754516,1.274487566562863,76.35380891076898,53.770677680340086,73.66539017778899,4,6.948754864904818
84.8325411938446,4.594141647718803,1.7939290770977154,65.70110803413078,40.88267228665639,36.70024702300308,4,5.85648403486335
96.12496905886479,5.863733571363134,4.759807229870604,41.62639914017399,66.6090299630248,84.71181557489051,4,7.804223942386776
85.36193171566993,8.41422123768897,2.7226821013496627,87.01009015527453,38.42594470671058,82.29651249024977,0,9.649431454081913
57.62695214571307,7.146267538531155,7.53736796488487,40.63079347249921,41.63258997851483,50.54210864620083,3,6.435423343845039
78.81441800834065,6.81967249276029,6.640551721130381,85.71339366264904,48.16336335177478,77.52060319793043,1,9.617067156663294
80.3357523191428,5.614188527644669,7.876754048852472,93.59826962728737,62.8610149929285,47.891276385499886,4,8.004217050641005
71.2065335651193,9.12464545688049,2.447531292128105,65.97039526343033,60.995055938541675,37.41980966309078,1,7.735949932551438
86.82221178123615,6.183582726804554,7.772927245984827,72.13254838586789,82.98151172016748,47.06819255542264,1,9.212605679860934
96.71835073845074,4.479010217376743,3.734254023436684,68.61900355705923,79.3684792330468,45.71773260525797,4,7.522507020454848
96.27842564533881,7.393865838647907,3.10639096485316,63.35251711740633,60.57909763944208,55.26487980409084,3,8.192765095905227
72.5419685702066,4.6261111641213075,0.8776214522701493,93.24547212222161,55.02225245453779,60.10696983052749,1,7.231744207419746
55.661902292037766,5.898727285409306,0.8957394339470197,93.63601064019943,53.988127043689914,65.51233348986247,2,6.634781131553937
99.24205994811672,6.790765662947949,5.69008441959991,60.14898187849207,81.43970523764054,63.60523253049969,1,9.908965272434033
91.94490432229671,8.808223885768466,3.9344674582552095,76.90418524088187,38.12434437327619,51.24047635791736,4,7.945290581656547
56.233134060163344,6.714506191870653,2.198912195270793,95.61445372875184,35.76929897063635,36.750240114444466,0,6.49675972393138
96.04209413086862,7.862423213174154,5.104777297439245,97.7235099364811,82.73266351559889,71.30609733422904,1,10.0
93.49481810310641,9.460492614494887,2.3964358868758335,70.53754242532285,63.62878255934296,58.744689790841264,3,9.424417325030927
75.94190285630361,4.723190159438899,4.83223815758317,67.1694883170596,42.85286831321456,52.92032944325298,2,6.843790338705462
79.56377178724647,5.511023390357357,3.1940656023701774,56.72165895571155,49.13395607567008,87.01646256983074,2,8.377009182636918
69.95013519350651,6.170168415787055,6.676641699588643,97.5323123914246,90.95023718584295,79.80459846788959,0,10.0
52.73808194110157,6.3200549819635725,6.655221205750845,48.56885826837204,86.57017853749389,86.46593290234654,0,9.100265342403441
66.75986208229504,6.2606159139605015,4.0801279859180095,74.7897745628635,77.58710301343835,64.69896768274765,1,8.428659269538237
90.14267242990057,8.991860514061052,3.131143320012617,56.95301605111833,63.9335138202396,42.85587512760665,4,8.087285697826477
50.23160115023014,7.927179544567711,3.219198474193209,56.7404974208678,66.21941757148315,76.77328616727635,3,7.483103910030966
66.6749585845572,7.3434786774988705,6.542858942511634,64.2981152425713,93.51467211703752,47.36442679623052,2,8.628154555713113
69.90843467954717,5.701549948245301,2.96134612098209,99.92757614893927,92.94622663305722,61.47378014550301,0,9.310114724948379
76.86978014689615,8.53084711321712,2.0679453028013453,43.29797841038933,47.916142747150055,38.90004733693331,3,6.760334236863885
95.99278082063802,9.252832813167439,1.1351625640648013,74.71250909221189,83.66627397831908,84.51850414537896,4,9.196369652641112
67.31729971829806,8.516590554026246,4.0001984066330625,44.954329482116634,46.834559970021004,42.55643846285003,2,7.069372089535876
67.34766009481139,4.008608078553101,4.115990741898814,49.27124979943114,47.81224867303708,89.18585042295858,2,7.635851062221133
86.87506240548743,7.500207536008739,6.806815328021804,66.37377650637393,75.5655820498746,86.85383613569343,4,9.481961835862625
72.61089704449036,4.281244597931554,2.15929022334548,70.62760788078648,59.3000659152529,62.87496586635476,2,7.010143078544578
61.2302411469991,5.41683971183547,3.3574345525129994,55.52754450187144,90.8926644263912,79.66209225823944,4,6.910294483047322
72.62197580663467,4.327385851912744,6.563043041702682,58.987427852464975,40.340584093760526,72.1667044290892,2,7.430827772104062
57.04285101898999,7.320874991221633,6.677177080617302,45.21802121535598,65.69153844856959,83.1845385402647,1,8.590160226338226
58.819349325311165,7.776244524209337,3.3845830698407617,58.19318703065503,90.11129182658728,60.908306047154724,4,7.762202416039493
74.91838863697399,4.629682009362478,3.9434301746501066,97.99350636283265,89.24681962877031,82.14850905466099,3,8.115446947142473
70.9462724752274,6.111113856747387,2.774644181369622,96.6824429003489,44.391752804944474,62.74740902390888,1,8.032588631502303
95.742295053405,6.509300799255481,7.4941615881448405,60.092697408219095,56.99826200578739,91.45794727056763,3,9.096821277841412
68.11969495583165,6.029791619685041,1.3898282430618523,74.2512361767257,72.14728400280177,64.18232604950886,2,7.334888990760525
79.02941751390217,4.665637502668561,7.5031206725110255,94.57572346665665,44.56369308628413,62.75715631602377,3,8.05131380980626
81.61321439597651,6.304212846031115,5.6289983887650745,40.371029358453804,93.08133032274432,82.10431169381076,1,8.770301234027356
50.654722829416684,8.1314792629463,4.486791145150484,88.64101422025551,89.88495972365962,84.29466150565028,4,8.849557429086262
83.17686860083553,4.390542154932905,0.7449429558837191,96.90217316733515,45.01701074206815,68.26934685927024,0,8.102567151914485
58.90179834348757,4.440990077450469,4.066971438665062,45.479544060013424,42.26932767565913,45.78786880970452,3,5.16690799737659
98.05351587347275,5.951242105097913,3.558110787520492,49.68686116197526,40.12450896849592,63.06549385745477,0,8.080244843668805
57.43313638765565,9.179491413904088,1.7091410898134192,97.64477816628133,89.56661984219787,93.0843501745807,3,9.331819334354662
70.73120618635119,7.677149556976027,5.423072026254927,72.25240861842079,46.617428587727645,80.1791715823511,3,8.440830140810048
54.26748340393219,7.732684761699106,7.783631805262144,40.851798068303424,59.97709571266128,83.66975623274793,4,7.734223702299731
99.84371259229736,5.990559949608257,4.7164160829839386,55.45791992581175,61.931081939120176,36.969529929154405,2,8.161097669899227
75.10975051656213,7.265134351646962,5.860649573329594,66.99662045613158,70.94066265281405,63.071567758049596,1,9.677423768020075
79.76925086600218,4.055721512152589,1.0133783942451258,81.57453466148607,39.304120624845496,73.79726801945333,1,6.972531737976108
53.353823869421376,7.498528255252483,3.6325024686274605,83.98962268820797,48.60551704403096,84.80196101768448,1,7.797655887526359
87.49802351995889,9.023078211669302,1.372688638733719,99.72529077552737,90.88942321513557,37.95641921496629,2,9.750790839788756
60.49527965477929,7.369154075896505,5.0959687665238285,57.25067196302554,89.50460643611417,86.14633313851238,0,10.0
94.90271447203568,8.805342264064898,7.538616186606159,72.29320611210852,81.87743884434153,67.9040562045147,1,10.0
60.25698202410036,7.981851805063516,5.463332993537289,71.9994128715763,36.164074737092925,46.838838234563596,0,7.780194957658826
59.534386033183324,4.663071290220296,1.0760228623581614,64.33871556683425,54.62040610976612,54.035312986982,2,6.074342750231484
51.827483392404744,8.963493190072128,3.159996537388121,50.14971363054521,72.67752412057447,51.91577310509365,2,7.418675028403075
73.60334725549995,4.365441143956762,4.629975345806386,98.64739379103055,51.51141270640854,66.85154205730855,4,7.302470544947655
78.24205666313082,6.9368210990127,3.5240581709993917,91.19903119999516,89.57520170322664,38.10114079466791,1,8.452318487211643
53.285431971417616,4.781754180864017,6.7523300785637925,69.89998169765423,73.0333677099465,44.51216950999541,4,6.379391828703284
88.77638083475053,4.064386359019973,6.610032535324919,76.19472536104179,39.31440303898674,83.76158260254695,1,8.030253885041676
72.66444173740138,6.321188430702015,5.088732650774161,53.63566321357974,89.54033533014218,42.956239444808666,2,8.054514183983821
76.219513466379,5.622723892097859,3.300934588495289,72.62722422350481,92.46599949057335,49.003776167487615,2,7.94026324401549
72.03813734691141,6.673002715886817,2.415022803224331,81.69820798728855,39.66274510350353,62.20223633624944,3,7.283587976193358
70.0381530437663,7.17459937704003,1.29405738659847,70.91002170319533,66.9416140916789,66.02725328679983,3,7.637213348622502
77.9820165654109,4.24056489769921,3.1617326261491554,99.41711023509647,53.20185693285023,80.81662877684951,2,7.524213813096428
57.76201229653562,4.6765181231806014,3.5987938790578964,76.68049937486357,58.57034458888414,61.839945599971266,2,7.087281060503183
59.09640652476355,7.07253318047734,5.568671938280552,62.25842275553014,45.77907307732051,82.39187726213233,0,8.563806969628976
93.08928105067587,5.887420442449621,5.436198682231801,86.32912165695029,69.68432612074474,72.10077842272744,0,9.453359151683046
97.30577310668164,8.010454181521965,1.025811047309427,50.227750694898525,92.47876119493344,41.78598436542935,4,8.899739280132314
68.66546581398765,7.587604067255668,3.4644448657336833,63.070948822375996,65.18435601629655,44.379886303570316,3,7.639391764903137
63.53723365717769,8.650823996444487,1.8633415041302144,60.81753702265515,39.97487488366887,61.22202352698625,3,7.195966463953605
82.19997716195078,7.808710546680739,1.6760952898760426,65.90842570646663,72.2000800086445,58.81336358534237,2,8.954679141500563
70.43670855490481,6.364620925645815,6.704766123029344,86.90678955572358,55.41337966707542,79.61265617823767,2,9.39519152260501
51.26931778301724,7.701316423169378,0.8143641253719315,69.05038192980444,86.35551137547787,69.84422838784111,4,7.264573126809177
57.80762986830952,5.514596458404802,3.64387156926591,87.64086701595777,61.080688898988214,58.287984860134955,3,7.134493992554849
85.79861144236988,5.6847242432801695,1.7615274182488865,74.58933418839194,46.57037653653474,45.24561700702314,0,7.4371998385524964
82.94619709550757,8.339418379564364,7.094976617588555,60.52416607945332,46.466337361468696,48.61022613952971,1,8.929305136794001
51.354799625174174,6.455307340208702,4.677803849562763,88.59872462100834,81.12585084326963,69.53006110814354,4,7.57409934979012
61.098608096647474,8.39109187285094,2.2353547728263603,54.29738023318549,50.935255898441596,60.40632829398755,1,7.911125463435152
61.55373982940357,8.523323055175531,4.268204653747823,53.46297878798773,81.03400364955337,65.89565053164033,0,9.327009895222359
83.59463717993643,8.71659285713706,5.986147697773369,70.27017544329014,47.353238645995965,45.24064611813402,0,9.558439054083843
50.98552688771821,9.041493797126641,7.685885066895754,55.65095475772534,54.301182122078565,74.77437514067395,1,9.04642179198615
55.205429099228695,6.370418712823129,2.153345031840642,40.54522209707298,62.92921834638196,86.15232445135803,4,6.1748604453317375
89.99580426865947,5.753767500766264,7.146363290970088,78.89785163792808,91.59175098160705,50.476370407214034,1,9.182013962309453
58.927233102716684,7.202093106267626,7.507280856256177,70.66562928834388,90.90388548522948,64.49085354990959,4,8.191278261929249
82.63730539259373,6.041448328906952,7.373154083990497,66.73106886958968,47.41231252533727,93.53163974125411,4,8.220660060696362
61.90913905233633,7.3059079174012815,5.265607676464324,98.01811087709892,56.49314247458437,54.99450443304366,2,8.671978697104471
54.97206963796726,7.880722244541035,5.223654908260308,74.27195103777481,43.96396330722634,70.70278069542567,3,7.291348611188567
62.1586095499727,7.786227601706752,3.5240797488786706,91.80589466736308,65.59910475880983,40.41174201201466,3,7.590759997995535
86.11334659278296,6.060040878610668,6.142984117278409,48.36701417230961,62.63495304167999,71.36090014876659,0,9.364837923657477
92.78482340531428,4.917731109343141,4.484705137631989,74.15238778776566,89.04560974704395,40.37790639827708,2,8.173255384723415
91.51099322834958,6.367911361542141,5.580785534212208,92.07877760385418,90.80032266746436,92.55412611942933,3,10.0
69.85917648092274,4.784267792450498,3.7134342788659658,74.98634543679388,58.01404346043753,77.93975912433868,4,6.922315681837917
83.40425682853231,8.895533693510945,5.986223480323543,83.08085068762009,64.50427658113937,82.28958728814239,4,9.585462197396922
60.24921477079105,5.902326034058216,6.683536382034118,62.32261406873244,88.77417494876798,77.24626164629821,1,8.751103564948195
64.65738651305067,4.849528609728281,1.598271924521121,45.546971022224,83.40246846470369,70.38374216458794,1,7.569199090848703
94.81679092605599,4.13996267948163,6.74697286680671,67.47401770762428,35.21937868067896,61.99476686513032,4,6.521160029559553
50.6500961755368,7.552023124575664,4.552223988427304,63.668763450331454,54.20357385101495,86.50240278566375,4,7.287536358684236
54.2754265427234,7.502962746001088,6.834994318176682,92.02361094273684,60.306454516167555,92.41014005258378,1,9.518035397467672
60.394312757301364,5.873322916197104,3.7347627975576096,54.639718141148336,48.782977020993904,64.94217037424488,3,6.808598879845836
51.32661019369099,4.394415388662081,3.342803640372763,98.00405365210648,46.97429695375632,90.89210294931573,0,8.329186458705252
59.071771754489866,6.252958921923776,7.362955493879168,97.48828718826977,37.26707039574078,69.99997459931106,1,8.235938673712022
79.15207804848461,5.711696222848665,2.38376950661301,54.85789858428632,73.60218350418563,67.30305121378599,3,7.990013235218554
71.0712275296249,7.724163518542552,6.831592439646073,60.88311732863923,50.75061742898994,62.268963977321405,3,7.9033129720504816
94.63358555384875,7.331785871989797,4.130154293820531,93.7333444524331,38.140830705878784,47.55726569180719,3,8.709644104665811
90.87217808692205,6.00526550508647,4.355715819134447,97.99733325376644,48.85875863168382,35.22317964908355,2,8.319077901024368
67.0908675848938,5.198409048402445,2.8135121111711303,66.60634617016264,83.11483717016759,49.49037361136368,2,6.985684916475126
62.971171671564626,9.434197813855755,4.7978165046426176,59.25982273845387,86.0893508987928,65.5833902962139,3,9.040592758707925
68.98462040836334,6.497008916578632,2.9390839720715847,71.56564079509252,63.98397471159816,57.79759713558515,4,7.075537835297944
79.51474712574039,7.785508296791304,0.7945206068123923,81.2661523819441,59.96424022452117,61.90911368015803,2,8.504962380280022
63.403182041143815,4.773041321680984,2.5399895400826704,56.408470922498786,93.6712216101069,93.83889317384298,1,8.171842658399878
81.2074453924567,6.670743348126688,0.5478428255494301,84.18839047714437,47.033879575284196,56.01634224015966,2,7.4694540719348925
70.47058260956203,4.15145195928206,7.837660902926425,43.099441426878464,47.92155697127651,62.13097636160647,4,6.86950019150238
77.602359042599,6.7800031485074745,7.743104073648106,42.95766956586499,52.512030622183985,43.01093308116917,0,8.382809488798355
71.80632645676583,9.302095739147363,3.4636647310422877,63.177262308732715,45.36543909686524,37.87746394621926,2,8.231237821020695
64.72328797709588,6.113136921421901,5.962781407547345,61.208391523643236,57.761935892251195,81.52457087554967,3,7.70069676138784
97.42266534810784,4.214478069162014,3.0935457380781872,58.93799292202914,89.65005361938523,69.24099050431872,3,8.607002062395818
88.18028970798804,4.170256850056389,5.533198678144821,69.4611857601346,71.92087043771446,80.6422883626337,3,7.890742232622661
57.00565878832263,6.133927179707783,6.540725322844843,59.24401493869428,59.71679291673582,43.991767933193096,0,7.586034280116608
93.42339879489563,4.880137150547567,7.600671835191806,51.535475108085514,91.06464767427289,69.30972627096145,4,8.964951360733826
74.37155991247567,4.128436529805023,3.50159206887254,58.56817294531605,37.90785394854934,50.21854846048253,1,6.38665779868395
94.72761134470457,8.159174876725974,6.374734872170357,98.49425636861409,47.616570674111685,48.683709014001195,4,9.417545224469789
89.99276279736577,6.521876548850399,2.494463379740891,64.66680501969091,68.95331630610553,35.69156084317912,0,8.73165300411899
71.26067522346167,5.590846245849599,7.9274922784523625,66.68276661150014,71.93315739159075,42.820443414144314,3,7.624926402509975
51.12346541600587,8.950457506590645,0.6932719907326336,74.5926993970684,37.37345039375679,53.556086689981726,4,5.873183405821586
63.4338679692473,4.63876428110289,5.026466048758407,99.0004461048536,59.18232547442793,42.01272563545634,1,7.482699752052538
77.08171073304334,9.257553559254255,5.446294862384954,54.49607658614578,73.94923788985236,94.15150642465625,3,9.68456585090709
81.67391099130737,5.7268169455754405,5.660341678055966,80.87692663194602,76.8842327842041,53.51795891143704,1,9.233378452447562
62.894384271660115,8.886220197697746,1.4029068409181675,82.95908161250344,73.28839415097616,42.81943680213969,2,8.729943978415648
56.96780370364121,7.316185820637038,7.538973376048478,76.43946500758395,54.23379346165547,46.944938769677464,1,8.030966261779575
91.74651183996495,8.546890478578181,1.858874592875621,45.314700378198644,40.611207415874574,70.26219370048858,3,8.300240357028759
99.22010903517761,9.412072397657553,5.170650524298808,80.61233654965459,60.626746785160044,38.84261143188731,2,9.912889156070731
76.28450911513428,5.5862299080031015,2.1700705934231372,43.84568266217053,42.72526624208333,86.74604780846941,3,7.2920322970558535
58.583964292415175,9.286245169741761,2.8041231276595315,75.76855897299382,91.85741951124002,92.68998075422884,3,9.530341066482727
63.61536632596845,6.142150421963311,4.598439062960932,84.37487063330457,63.510251961357696,49.80484524004285,2,7.000030308601312
50.919533827373336,6.120315476053072,3.628950639234324,52.65819343719703,54.03555046141206,62.00571611545156,1,6.970339409035435
95.71494032802495,5.8721290733997815,1.701692007323797,90.49732045256644,80.978244267134,36.32806706176982,0,8.481035568774894
55.88755414450706,6.977741840411719,1.782023018156362,41.82122833198026,64.87691555493583,73.4426134836333,0,7.708936706432529
78.82582377571268,4.847797737481679,3.6360859112209973,90.62877181949837,53.602041440747,59.83556348315533,0,8.578101966490502
63.7027610343603,7.045413169469061,6.179622337066255,67.6197430385659,83.7180645434481,51.20350796609334,0,9.123451179230477
77.70890012578967,6.979376468255023,7.234734851358414,53.05527639589867,87.02912906006732,47.41022663699651,4,8.545707058485569
82.57101941759322,8.190459969326785,1.1309574669453712,48.02668869963808,75.38048997732062,74.24138465952564,0,9.345886887315212
91.48709018536007,8.58507479065672,3.448279306695508,97.19843005494235,37.81786534446004,59.97302186193887,2,8.62601089436298
60.32106358803016,6.4224274267183326,1.2518417279215748,44.3599352548694,68.97937280999193,45.77955734179472,0,6.323538945738875
50.549791432924025,5.662832871433215,0.6244436047444841,51.94560519615554,80.7976947198369,76.34654488920944,3,6.666303725412135
56.844281503440364,5.42634193524402,5.462890119829675,60.86934084598276,43.190180725014926,68.90433698220161,0,7.504037844024234
95.00093209240526,5.070431101876796,5.018370814749408,77.21409093766724,48.7202450830762,86.52032329576977,1,8.598526193499715
93.69450387812577,4.3170617020946365,1.7226433536116466,72.6880651165659,87.94970630408818,42.04855393258957,2,7.075269859222706
79.87065510851542,5.883463883590924,2.2535962481979808,47.53860954473884,36.20730331118444,82.13999611666736,2,7.016236456754655
80.02584302168268,5.4863623067193075,0.6778081523338879,57.383679024292874,80.16362826955856,75.41100720903555,4,7.126849196085924
83.25183372731277,9.31529562226524,6.762104042708028,54.325106265161445,63.426397550865374,41.90065620968587,3,9.026698993504104
58.76856393117248,7.067398544375242,7.810179470364136,52.81257126942048,61.806329530376416,76.68924379230324,2,8.436294243064822
95.72059729624799,5.910023714667791,1.515946525960181,64.66866018879922,35.42579194969323,61.492837332789826,1,8.338744222907298
70.93852624460365,7.192571805465327,2.2360641032397357,82.24188715549941,84.16389385798956,91.69908713335059,0,9.36939204228034
69.15692641247487,4.765581857401325,7.013071429602006,53.047175933034154,56.58949403819399,43.496681037073955,2,7.300423909625985
75.94588526414188,6.442240620612116,7.448478484671386,62.000732782178886,67.44593787803257,73.57000344894428,1,9.11731692620648
52.348298338752755,7.444288767815851,3.6472053710510774,63.45504561046974,75.63804118013957,57.91880272777676,0,8.589127580312669
58.31416843780397,6.688938074858482,0.8796685420180559,98.58739176612461,77.15777458627494,92.40888023545267,4,7.739867431420776
86.90168082131852,6.209783403598784,0.7954387526961455,97.27998141274414,92.35880352956434,54.79849371741659,2,9.077224225796039
54.139933396256325,9.46616613894834,4.804623995517578,88.00825496512456,66.88039719419655,92.731154569508,2,9.673733275019039
80.1576054733194,8.841731191819099,3.4467133166988426,54.49953524915111,58.98317305846565,89.08915106604495,1,9.25747484534736
62.26745548406605,7.4287327698769205,0.7148932068324089,44.08223884550018,92.22221758950248,51.22299411863938,3,7.201243521729487
69.46478070209884,7.131575486502555,4.874392942344175,59.014248263237484,73.52661410153127,83.21250660958566,4,8.047305370233401
64.43468683853499,7.413632639035212,0.5847690244176685,56.00767296602985,52.889021376593334,94.73625210821035,3,7.679360369390773
67.78363582324747,5.107216593023383,6.405289686119548,70.35554800878363,42.58785472421427,50.15978013027694,2,6.679192390114041
85.95229525921228,6.173257587953753,2.798246170275287,86.66367460406758,85.55327008791087,61.20663015939918,3,8.483825967368196
64.85608578115875,4.217027430899947,0.8019350225692408,91.49937633273149,56.73089616764909,66.21084419400557,0,7.511615418286461
78.32023201484486,6.6155032061775465,4.9126416573736496,90.6918451246305,74.62818328186587,52.69586814823186,4,8.120346194202511
73.80252010995498,6.9866352117671475,3.48263310824791,61.58053367338407,63.24898516195389,35.91589037876179,3,7.66022784510556
83.1835582681324,5.2526235485676525,7.803503100178621,81.23406060764097,46.9357867877023,48.2077546518516,0,8.896740163900006
96.84148696623791,9.302158659410326,4.581489968777767,58.7700518514532,71.1011965172279,51.916213060505505,1,9.887504325564622
86.62860486051252,9.002000360154831,2.564293857777562,43.65433259411096,38.64098413704094,61.615982079091225,3,7.969997847894693
60.74701892953784,7.971787795007482,5.82079148475481,82.09391593617653,59.800547592271535,45.26614870480411,4,7.721880626854835
51.55915675306424,6.933626458209494,2.536190019070335,40.58965315418727,67.79689637982025,87.39526140150036,0,8.20781528022341
63.113202214991254,8.784830378062267,7.281824685556738,64.55095524750931,61.162818447114745,77.29466796388016,3,8.258794160054967
79.75389653501274,4.7185878910290455,3.310414778805323,59.762756158124546,79.92033051505945,40.11202865357972,1,7.4322391969567265
52.57129067421252,8.347803868511868,4.62401422082154,81.60265231113115,84.67549727271874,74.00554706839588,3,8.170579204950322
74.81831236006181,4.686514476817665,0.8792982786817165,85.97472836562274,81.27458444199068,74.21938858433722,0,8.863622897112014
79.84214244584446,8.36815864402173,3.695909284641731,58.24567815827703,37.328776868708125,92.37327041861766,3,8.424934977598845
66.71219454084805,5.516721625382463,6.742726547457462,88.69762086669121,46.64772622675834,35.18125228136967,4,6.643001938002982
88.54561018729109,8.823998195600039,6.5423660402250645,57.63500563029602,67.19645055582646,49.87594698834843,2,9.645974681662077
55.32991265668859,9.192231516039687,2.182389191401447,66.77958159919368,91.08932242662807,90.66748876251893,0,9.989180415903066
53.75688908679044,4.818377831728136,2.19559303257922,83.62111162084804,85.09740650312702,90.92803492389697,0,8.008281291415921
86.40943781018017,6.544715827859664,6.629789841599276,81.5752137534873,85.55207050110809,78.23518516223825,0,10.0
74.77456581030992,9.395430579894768,7.477988151269941,99.24210833873201,53.192491625580494,80.9457992628524,0,10.0
84.4201198213868,6.658740897852306,1.2152069095475266,53.50966145295591,60.766873824722154,40.488977475778825,3,6.3626193821142785
71.74136693018731,8.749511373829998,3.8754397956966895,79.73907481237495,63.24235683895624,65.83255008669401,4,8.131873537166232
62.32010166195534,7.238023371722259,3.0309070922317174,76.58091449654664,44.442295000994626,48.894979477339966,1,7.508767388105338
90.95511588371,6.06431449355781,7.030163415930795,94.9059072694018,36.86408781466738,45.87308261681704,4,7.743787253294724
89.97079394844897,5.571809555392286,1.1264368601001409,49.3817284986925,91.814173967631,83.61819794739995,0,8.548815059349739
84.73482354272133,5.117727000973479,2.0834445691852803,85.10788981521597,49.4427551398104,43.102288200832845,3,7.276368010107871
63.607256861498136,8.189890052577335,6.143512531898708,74.0961169761261,49.39693422341788,63.11909821978311,3,8.122232436925724
79.51153334345435,6.125972787526653,0.8847038673591169,56.47995218727432,40.002743226125574,91.31469437516199,0,8.148833667707889
68.04869484700134,6.8120150421041314,4.19401535535717,68.46609484883044,90.71046511662672,46.149923333920555,3,8.059192178612406
54.579103666331704,6.707790140006501,3.8158027600979,60.026595824187865,69.78422689638631,93.67960542429407,0,8.451318967917052
95.86567877311214,7.175034660782222,3.008008842415615,74.75880416730766,75.02221142752123,94.65727914566355,4,9.31313028539924
56.84093154594807,8.760674300935037,3.4592923648919283,93.34003664887996,89.69461323578315,68.33702928094417,2,9.122615080400875
97.51186769104012,9.394066389708861,4.4745544019767465,74.15829906473212,55.73721013404737,45.20856441062948,3,8.80194746506382
72.30028864789779,6.241713147155993,1.7102551879128733,77.90334509959504,72.29043866828505,53.96629327645374,0,8.504537977191552
59.25664644193098,8.551354071584667,4.789969087126946,71.12487082688257,37.327967283733244,60.46956996059211,0,9.034078339251982
77.0950473689179,8.204902870600947,6.5407424697498975,43.06993038672856,46.20635169386776,53.559453461493376,3,8.160734135868545
93.64729179382041,7.154409233005653,6.201206973426193,53.971513412565656,84.87474830539655,51.83813479259095,1,9.810515542327902
86.61124432047805,9.25825928986563,1.6542492852033026,69.52010376592497,81.00610138030015,93.33378255298146,0,10.0
90.32805739307248,5.1026098354062155,1.6193710230610543,58.61411702468229,56.03856148742881,44.20188964494474,3,6.163514690452255
82.93916833553587,4.600953156702918,2.5113077580868497,50.905815865671656,57.60863766645275,78.99967452301173,0,8.492506433134432
84.61382822589263,8.696790818254822,3.208060447557779,70.2479705151063,67.01326601321477,35.02461736635049,1,9.577058136909198
92.45978257826596,6.415323991485616,3.5634168605636196,59.36858760687102,35.01446028110807,70.77096016414261,2,8.499888997279957
62.483400442959294,8.658328698138833,5.59772912625009,55.48645859040488,49.47466016228167,89.95658023724314,1,8.947973034778538
74.47124818215703,8.911996128574781,0.9251032412437655,67.83912504642285,47.493908516492866,52.27604564559314,4,6.9009655170354165
61.06047209098011,4.3435167649048925,0.7600452816954979,47.997055484930385,50.02897680498581,46.131558515463155,3,4.8362294171465265
99.38340039983234,8.859056196423333,3.4393292220793175,95.66474398452443,83.35435055200648,74.10078769270561,1,10.0
97.20296698433066,6.465754804531822,5.7287276910348535,92.06212587515435,51.78043139278659,77.75608443790358,2,9.372492033068887
51.9713405684253,6.8073786895232775,1.9507650721736192,82.45723514443212,46.49127932300889,76.28183113711887,0,8.488645540909843
85.27875862578442,7.446258811012656,5.311283609421888,46.37282965530737,65.25580764758189,54.159012801282444,3,8.095552816692857
96.26241587078329,9.095104337015478,2.448711034552246,86.55263526818158,86.93870218236393,50.132144129559855,1,10.0
59.02876725636668,4.105138519363702,7.145645816101372,88.47743968654115,49.48098223024999,92.35512799772266,2,8.324851109247545
78.39726152763147,6.622639075747994,7.217674581999624,86.06587706286027,39.71217456756792,90.39797049619577,1,9.204250407717522
95.77441487940209,7.782471233368083,2.7296540321099485,46.83795322715447,56.38428415097988,62.438996593569215,4,8.59801640602754
51.69729892928994,7.974888267340257,2.2249531547243038,78.63447742406589,79.85910947389867,85.77163196926242,3,8.965237867504753
84.871013362342,7.808928373454094,3.5847797904967345,90.05948774496392,68.04143268168767,62.13940865805776,0,9.725592474584902
64.86745036862754,4.73939321174467,2.3039868888511155,74.64120407318006,84.00760217446086,60.463341084350624,2,7.1573091023643345
96.21980976882652,5.646675736044247,5.542878824687778,78.78444251368535,92.57552885655403,44.40577685595768,1,9.559788692575571
98.55291225826838,5.972935389793574,6.6954851341121415,67.50180876557837,82.55974860509701,60.58436338951837,3,8.905213165787007
97.2133244556717,8.424404642237278,5.548190981834128,71.72243919304316,71.2281847306252,67.24501631598842,1,9.837676288582669
73.71071083287319,5.533179298280041,6.682628354370121,42.06261150110351,64.60049528314283,36.35025964572119,3,7.348716132366604
93.10213254946567,5.158877301269618,3.477441216556056,78.33778131839708,37.404145180896,61.646780310524385,4,7.502129029563087
92.22746992675351,9.265964104709528,1.6723772803164565,44.88683277346955,94.05931872884247,81.88137310371202,1,10.0
65.95502366216279,4.048748068124079,6.034632105481941,66.10087566041341,58.008867354502556,75.80276338245619,4,6.326650435371116
91.44577370753387,9.48801470625088,3.2035587885616543,57.55930586004447,44.133692835012006,73.10941933183611,2,8.722629820009615
51.85038173577463,7.722517143715676,5.534531189218494,72.72567701270279,75.0025313237874,89.57332570623214,4,8.308504677494136
79.81349392410266,8.556581146970144,2.5298295648632427,48.00498013139243,52.05729734572756,36.0819205895138,3,7.1765868524910665
61.50044186438515,5.620406679904063,1.109222261050045,81.4986041183991,70.14669625586285,68.42285517153405,2,7.253026497129844
56.02834428886394,4.07873402716883,7.944363466158225,87.70069221570822,70.20607447067547,82.24093090458243,1,8.722199353110524
53.84766008146046,8.058282352088415,1.6715113094794947,49.80126698458939,61.74378925417215,67.48012296207604,1,7.974665332288383
84.81443879390699,8.587795283503716,7.913157454726107,46.25878524111293,85.16711693270256,54.43373315482275,3,9.805383849793792
66.9937481884033,8.072618725744356,7.829599494248355,48.73092896724155,50.89802369332658,43.175033905518674,0,8.275375882103365
86.23833857643808,4.785676580154612,6.453635779310297,92.6276537139101,61.91795549706405,88.25378430897148,0,9.502914880032813
53.26781703994712,8.143853572413331,5.445672215614982,71.69135570538137,67.26152771545829,63.24574354325618,1,8.916393448051377
65.76451689153052,8.229075301592026,4.833552876883135,68.03565976045016,74.81748324603798,87.68691181914208,3,9.10559501090046
76.97456461876686,7.621972836185302,6.99576159033376,46.402709146141255,82.03831103033536,70.15112734599009,0,10.0
89.53615824194819,8.213637630375725,2.6707964121461596,78.97336040541771,58.688436972695364,75.45152699690004,4,8.776064912251472
65.9376251466035,8.652567918227527,4.007609093636578,92.07997551370539,73.76281664579577,83.255669262707,1,10.0
81.29456882185045,7.374822628306021,5.1454247702487645,89.69115215940718,44.03665718411115,74.54933267600806,4,8.497932010296527
94.29888741180935,4.487325926833234,3.5839285690211833,77.56328253884809,90.95888603254872,58.88329044073626,3,8.569171356303542
80.79315940911523,6.6819529531696595,3.70614840567701,44.516722999100416,57.983528385260215,65.81800303571906,4,7.14895181876592
61.64797373768169,4.427071340693828,2.977135006265633,46.743821630560774,78.77128531858631,83.18273148055279,0,7.790722616913725
51.220039077826904,6.24148667067837,4.73173862513402,42.95853922658948,36.22046491293066,57.41901778237905,0,7.266880584491192
93.50494369504649,6.239085690190953,6.87930896011337,55.448752989548154,47.31122857428842,58.287287406109826,2,8.928968620593992
51.063470542519354,4.363054142771329,2.0114628350473462,48.13968802962266,64.22495265941468,40.74140696348007,1,6.137347936663646
93.73508363420997,5.918512936832136,7.5082477906508105,55.602882415146034,87.69514806394079,89.87506611330485,3,9.466106605110154
76.4468567013606,4.610489543352232,5.668157403111723,63.1034833431377,66.63530899704062,40.462178896726506,1,8.027869920038185
96.95338492564481,8.445293655050722,6.674549095100226,96.57896704426814,90.79222893763274,73.89255064691335,4,9.640824258959118
89.93916178868326,9.212284142804588,4.671430194725088,76.62256358690152,64.02781379496778,59.79166872816786,3,8.851134861589696
99.89670552666686,4.397740613918662,6.346375260680476,90.09842714097775,64.426945804157,59.33716341532654,3,8.653397239561881
67.53559077258551,9.253133640104359,0.6215029800460041,82.62109004273994,42.184807310031914,75.77311019436104,0,8.961302569638542
88.35941444655634,6.874171296352099,6.637853185846514,46.750187831597906,83.15937464913318,39.025623957792725,4,8.209302932502847
70.0965456804621,5.647611228746307,0.8010414431402488,84.15522438243693,49.81792474802375,70.62234697708607,0,7.893392950036039
73.99378101519544,4.422741414018899,7.174350322721469,56.50593289354747,88.97674936233891,81.32190715834129,0,9.29731859069887
81.37527316091851,6.753433474387299,7.939720604289825,78.34647081968238,89.64945321982377,84.69276547319565,2,9.77291845031459
93.68385570931693,8.369835494699117,2.7055059663258336,60.45771841857931,91.59860671244898,45.23182336362652,0,9.988928497301165
99.20417345996475,7.8889756249668395,2.0773891721434525,99.86033579587955,66.2138293461854,88.84514300469041,1,10.0
88.41367069322591,4.276243063051855,6.240225228935305,55.81308876980667,75.62562708701867,74.36876551084653,3,8.449405872085558
70.8883391083667,4.4009600945234695,2.3976975569018992,56.74782824645618,81.71095280369981,87.91128804924097,0,8.975047083752203
71.06785011385351,6.215803054479505,6.991717873791526,95.8403353337439,42.86087711902793,64.11684302661189,1,8.71891814169695
86.87911507944457,5.6240977172636875,1.2713194411810753,41.47866427817936,71.05743169984984,67.52200070583211,4,7.055143062285629
61.938857288415115,5.278113776808263,1.4446639728451869,81.80133927239181,37.0578740781987,90.14229662172028,3,6.260118277085533
55.52370565656973,5.545524743997925,7.843636663254617,83.51958344415269,64.85396500332355,88.99457260128031,4,7.726960842940477
67.73110788203883,8.419155088132865,5.553791737025035,90.18271464462396,44.290560897213645,61.88965240214012,1,8.920472537615542
64.36194958270409,9.110754294975196,6.851654183217146,98.46635863830852,45.97537555772508,51.4647578981409,4,8.740780510193686
64.81540602279951,6.228064819901615,2.9324703301363853,98.53611514939914,56.90285400155609,58.590226073855845,4,6.938208352487863
61.680387552495496,8.983610511728735,5.573628121404533,43.916605453987835,60.94623000299018,58.265859711784984,4,7.952429406908014
52.104659481818096,5.768226356863351,4.956813704814479,89.31035936517415,72.39034547193123,52.21201249896764,0,8.156676014037295
50.89369673667069,6.620403424890854,5.023625900922102,78.77859601944289,39.46570510631094,51.114776259977994,0,7.52877571327749
99.38611948680158,5.243159487987999,5.618993446532912,78.84052806238547,65.22150567424669,86.66377618878317,0,9.966964869772802
71.38865668679311,7.522618231967142,4.815193798468239,47.70099559688169,45.95750781518607,39.1917152410797,3,6.878449816352576
69.21633235798409,9.384396133461449,3.7179677697699947,79.01122998673921,69.43851050190452,75.65667092597565,1,9.555632824442785
83.9823641346535,7.319212028238582,2.569420207854101,98.94895483607488,73.24427673567101,45.369203087387135,0,8.72643701707697
60.912694393253204,5.967977462624519,6.264359981849015,94.70911417236681,68.40255539317124,55.67035360364379,4,7.471137860950571
97.49805919751127,7.562995952947906,2.1970432250238963,66.34783964829103,79.29773062869846,38.69258204809021,4,7.888581840318774
89.3172507207776,4.676063731559632,5.692657296158107,42.39687839716566,55.13655465445408,51.19841821132772,4,6.552097709093857
54.47055011561297,8.887624941459691,2.2499961698699495,61.73760940001229,80.90639549798786,81.10526426703453,4,8.19448756666692
70.87903878924642,6.7669617292891004,5.189976274658404,89.5834186960333,60.96602490249162,88.10091947283551,2,9.228915561551059
93.95591537810824,6.471423581218032,6.103087003467717,82.08994608790996,64.05106989935581,48.291629114142026,3,8.658610013503138
97.2366011145705,7.222256336494356,2.1403541667990442,67.56061933563738,73.88612763566428,62.81287035553531,1,9.561725442745862
73.37007556249348,7.436311245341713,0.949574756459812,43.306092109529864,36.101503039953435,63.219442876232385,1,7.483704390220669
80.67056946053539,4.394766934245822,1.4823030724563055,65.61368366939816,74.2396532852149,87.41451834558404,0,8.29464999289552
58.35169730460376,7.754394716728713,5.044977254532691,68.14149638307302,72.11510894432692,80.76794317254831,2,8.539119446256633
99.55843130684883,5.330624241735412,6.870848046693016,95.71333197364817,53.59082700519679,65.78463310208299,1,9.515795595435524
61.58358506917217,7.926739478786244,0.8374761592656828,78.46516621492957,40.14765709396937,75.2448320283064,3,7.533133557675327
97.13658870675629,8.523941369113082,6.006134442812347,58.69917499927894,40.456126994782466,85.84130323456202,4,9.494079043851217
82.48233244961843,8.421771791538863,3.059889844625391,71.51909586704329,90.3934248191137,35.57233724153269,0,9.890085822168574
80.38683974394296,7.03875532074339,4.088962774396419,43.96331846932961,76.35675927355022,59.173401863002915,3,7.7690514182314345
75.63442555082543,6.860934407709132,7.466446623841742,98.35409413898421,42.626156826244426,89.43459003662471,1,9.571150954096822
61.53349058588793,4.785817787366764,2.989786285518841,61.60359411584356,56.40339015853438,79.41878185063709,2,7.244862469625134
58.82640160027542,8.264403827217246,3.9900270045461452,68.67204129478814,70.54897963409579,67.57048246004447,0,9.422106521841487
61.02431045350877,5.492751592456929,0.6026181107051083,61.31703845421536,85.13430230543892,66.778671622108,1,7.8302394569818015
59.32191310721272,6.731824825498705,1.1119904000362877,80.950703806972,37.619655722780514,55.86620585626626,0,7.364215189340915
88.97922367833766,5.563507511101342,2.4394369335108803,79.73392949977558,49.19798788820053,66.23123201849087,1,7.74820529154271
67.5062629583365,4.736055996498312,0.708891806158058,82.91933863174813,88.38493941772279,74.3229919678072,4,6.737462233949078
52.89213382816982,7.462567332904551,5.235314945361882,56.08859377671525,35.54993301102899,60.10178230572758,2,7.233744766163625
98.45513150704056,4.298826191525971,3.697987676012169,58.94010886984396,47.08394616763324,77.84918878353044,4,7.315484548516587
94.18929424817128,8.1175487876941,4.611089020460165,47.51507386577248,92.54145055837796,86.67393363562314,1,9.97098026737167
96.38761415976064,5.7467273739361415,1.8098538942224716,79.33059831076676,71.80411079133026,44.28109089109167,3,7.801723461925024
99.74539113232177,4.000740811524669,2.7194902207746208,42.38782764013915,50.70028199825039,62.09282136904547,4,6.713152558007608
58.69476246097437,6.811210265804764,5.478683561395439,75.86094013140755,39.01946566375086,59.481205477104865,3,6.77156719573094
69.81210094513294,4.257685496901817,7.739770427227999,92.18175309109803,36.69148042683333,76.24788824298369,1,8.473781206748178
87.91192378520456,5.518932568014947,0.878125802016569,93.44992889737802,49.68470477821563,49.992047915475766,2,7.363851068002413
84.8010309026896,7.888370681006439,7.177882406414495,66.94226562219771,87.88914917533464,73.41505489713657,3,10.0
57.69479531699275,4.3447929189202625,4.826609009834064,67.55822129278442,59.95481925785057,87.64935450388927,1,7.454261171211982
90.79165624953089,8.616361707958013,4.729396750667178,44.61815098048104,78.22000214995958,60.08789598761736,3,8.6249971063206
61.22202859183304,4.021009574622207,4.252089014058202,80.24590152658214,90.09710212279747,89.6609419987532,4,7.320329019866637
61.19088074113115,5.357531280610463,1.0204556442813755,89.27556522237073,59.482427696169,94.5898243360087,1,7.951207392991855
76.84872114467068,8.074972308836394,1.174076388021205,54.67930327628278,46.47664226224382,41.365522996877125,4,6.5488782875926805
79.64699674208515,5.739485823511187,5.006840042443145,65.27805289800187,66.02707585141516,48.983191279091514,0,8.353031585387514
79.00431039189056,4.560408134363074,3.0571892857666874,90.33036020591622,89.48502122359127,92.02278508892559,1,9.226849883374541
54.574341869887746,5.981286553402353,7.379510499332605,92.62722805973729,83.26246484826203,92.49966118888321,3,8.782345286897572
93.87304313151901,5.487163075114891,3.549429030196042,54.59079881585356,38.949790601789225,40.86243652320551,0,7.661079911619683
63.2800021294353,8.634915461883052,1.574610940269808,73.03423807248186,76.55436800465492,35.8999100226282,4,6.703182008494579
56.47574606414021,5.723413546718287,5.86039125126527,51.54958903814962,69.31385134753722,44.66600139538534,4,6.5664610069997575
94.43740399344887,8.33912859476804,2.700150660807574,46.112725848373394,89.44779058078552,94.7607670029349,3,9.60148061230134
97.78257491148767,8.90529679645904,4.441027305169198,94.66723008351745,42.348885011017835,45.79997699664121,0,10.0
93.10638086327253,6.385995807670913,5.733745891288775,89.23045025392655,67.0421667922794,65.15285640332138,2,8.94186125145834
90.4758037362439,9.004687291199156,7.251980834015528,85.60209410819044,87.76776161071353,85.90506358583066,3,10.0
82.7620990319511,6.07524929679756,6.441433961012571,42.92597912878843,59.60142720450458,36.22409664129238,4,7.152139455712844
77.54286853045696,9.302431290695594,5.572708009045431,90.62372756261544,63.91969506397203,71.26933893550756,1,10.0
54.34933799557051,4.491092384890651,5.597248867963577,66.28264455432303,39.2276406600175,51.62152693217746,0,6.500221267746223
70.42266065353493,7.778605965767835,7.594434830240649,60.543707397751575,51.68861842693465,86.7400949863839,2,8.5156748771421
68.6344258506157,6.715977222513107,2.7186807312240204,72.78858166152258,54.47039895013684,52.00766895584475,1,8.276905851863633
62.98768918801631,6.132068430006059,0.5083407064714056,45.481194563413354,91.70734692469321,76.20534321691454,0,8.647516090109049
86.17100568442925,7.4799153331173045,2.53965919548649,85.39879296114393,51.96004163246954,75.45317794684382,3,7.642685836903189
74.79378675393855,7.871214003988822,2.13418534720058,74.94610461329776,62.652124116179124,48.289612931578404,3,7.601514556009173
54.0523107953824,4.0239979830767,5.463759388354986,51.19540581239005,75.27826541385679,37.087951992101004,0,7.447255180670936
61.009160097490565,4.9182419881095925,5.2528369982414675,51.29393198614274,44.73100234447264,59.55497442712384,2,6.4280916685011125
84.16293818297979,7.921753278488753,4.950960370285428,51.05491909436046,64.18654322851248,52.35158911795218,0,8.965017999938643
53.80654297451501,7.665119774680136,0.6218258240709027,43.42014325311604,79.31234236855445,83.53866497682252,1,7.899618615018135
92.56034570243844,9.313261278207724,5.965835408379856,75.26790696230108,87.01131278162396,83.02185130732072,1,10.0
74.75732635069872,8.185707846379307,2.9264780936411863,90.42089065531049,72.5755564797456,62.421437131557525,3,8.1062709723758
74.0293288663324,9.22924989252236,5.487919917549733,41.04989283924331,75.14321091901687,71.39073351939314,0,10.0
79.62038923297588,7.863972758441438,4.67433821376615,42.940278698276416,42.577008355074135,71.2555709592155,3,7.2178807240819545
91.23404829625746,5.639287147516937,3.070481940709304,74.36621660121675,91.74658983478082,84.62948890565741,2,9.30090407369013
67.39046039510966,4.579507072379711,1.5093220032808081,89.16974112316313,42.95444464906894,60.50014484739185,1,7.26788031692015
83.90080762795318,8.300031248397147,1.208141732453607,59.60433343411802,81.4803762309079,51.526800787430545,4,7.449535762908772
78.28659819978955,7.542820718117538,6.736387498341677,60.97686392846333,50.88897930669913,50.902095088432844,4,7.426023828007389
63.35141350847107,4.26502306816313,7.387981565611685,75.78078984980655,91.01558862207509,67.17153675693226,0,9.226564785217281
93.9314993177579,5.980277562455381,5.373410350732247,56.45277334744882,78.19757236216877,61.948892163932754,0,9.553286671815185
89.8713010803464,9.262398985163575,1.2757558614536253,41.596501964661044,80.22882277870214,61.40724625909617,4,8.169960969253959
82.92259173292128,6.7522063014061064,3.5152041266618053,84.11371108609576,48.143550383592995,40.46824034538243,0,8.8329592085264
92.52908645471209,6.380010248108375,5.967044000788679,77.53899477648719,61.58239859810965,78.11622444141173,1,9.983277666244337
93.36471004799012,6.517347828376117,6.348656630075511,74.84535994333955,72.06879167535718,47.82420127891464,2,9.049020236673698
85.41814883575174,5.1488549820284,1.3866396671831644,84.50104773950939,81.19841709239606,46.81721781252328,2,7.485411993295213
91.85066641818361,6.027889439756374,0.5002303913403681,80.51385025372225,41.23756255474338,59.765499216643605,3,7.123377798179739
84.87357308346418,6.0339729079294715,5.841027844104538,52.35291929069927,92.7419189872717,48.666700497068085,1,8.94795342632659
84.00703858801502,4.287952611031098,3.174471319896542,61.14886281660107,88.41324023327337,70.03149603848092,0,8.517284746968297
80.93056891075922,8.221621956848551,2.408609987136952,47.5666085007175,51.22091542973506,57.28780036006829,0,8.87908470597934
87.63583197788206,6.290774375471335,0.5967310234214408,47.79142080507286,84.36561458193992,61.93470335556741,3,7.127812387052619
57.93025526465368,8.521989377490328,4.552245550711247,80.57174478139235,66.0994353823894,67.23015929624174,3,7.8556166027882375
94.04353795994642,8.676914006159425,6.883630515694863,91.5160064189499,62.70838889372112,47.21213134890829,0,10.0
93.5921763872616,5.1659673008426195,7.682237347044409,97.76395503166833,53.86604634868432,44.345097371931786,0,9.026831104024357
51.462364151727954,7.615444151935707,4.743087129599669,77.70082705296667,69.85811519789556,87.82531417241628,1,8.720453425225813
91.29083752823814,6.597549922896399,4.358459958049206,51.04607940165742,78.79334706221587,61.023422169885265,3,7.74484331652411
56.44349337367226,8.840862058568167,1.1379228911693082,46.33902072693584,59.655974297765496,59.72561657795235,1,7.74785312948218
66.7559427129571,5.186573735470498,4.616546011569498,88.77105829220547,72.75315158049753,37.13672901637049,0,8.021360189058985
87.1754128145804,7.727972601705243,3.3498430922404596,74.72538858159996,76.95877526931822,64.87857815524359,4,8.808874799768663
58.03799480241541,7.342636672389974,5.053514606626827,77.0971012608232,77.66730902091714,68.25018329666,4,7.968013382259209
90.8983512059531,5.62415812664508,3.4154476090741004,86.88772532528256,38.11796588787082,68.53045225727999,0,8.597595837263567
91.6067088978871,4.751304970081449,2.3022434258777507,82.1966336639471,86.58486834110401,77.42187015937306,3,8.781529018192149
75.37338668804182,7.584018682625021,1.2122395642128239,90.0674951713658,62.49519888590288,45.64891009946071,4,6.951975125262701
50.31929358584168,8.062286019727818,2.861888334416718,43.372834327592706,50.74496490177287,50.13338805383713,3,6.7165579652652365
64.35190665874563,5.7359503906984255,1.2248362571581421,84.85123820479029,49.5058704487809,83.64382791382477,4,6.272726307726135
80.84634591878711,7.546579322122726,1.8267271311798794,91.05116543932573,63.98084677063703,91.83023701060364,3,8.629264709197967
99.05930890137117,6.173219991863268,7.905021189346595,57.16810254749886,88.20989236813756,43.15596484203924,4,8.178568128593126
81.59067635083342,7.922637858054397,3.8307766767996396,78.42683643959518,57.70085490095882,64.8589732703131,3,8.796539039791526
62.99017905320799,5.095684011917292,4.489038248787624,58.84972383021832,79.9835448070126,47.850575164375215,1,7.463085188208079
81.70028515498056,8.896182514498959,7.052138965529116,97.47826398894725,40.80912385923312,38.60439010129895,3,8.768211382990728
76.99926898579278,5.5807527805606885,7.966766753680158,42.00541434613022,63.563402129063704,54.53020028756812,1,7.762853273641331
88.99226975755718,6.0228229326588405,4.870358370085111,74.7875706299773,94.50116842356414,43.62125751105276,1,8.98767922923556
55.34903194134792,4.319505736441924,6.593553657831287,49.9902128229709,81.22626816754021,77.59598440605478,0,7.820416402328077
88.05139512510141,4.61331716776702,2.9520576825250644,82.73321231062951,47.63170930643678,67.02352482028667,1,8.067323637243145
77.06332893380551,6.837240464917805,2.7930796808546834,50.55341700511973,65.08648842187463,43.63006825941865,2,7.109646474200196
98.14960019294973,5.471759722003843,3.5202779074592017,54.12299571390145,49.017485818914,35.554495304330864,1,8.056358180603914
67.0936083019343,8.59514124158207,5.543804470052368,69.66224866274548,59.573655635750555,83.48942294145276,3,8.272420498236423
81.6310946566974,4.080813637602246,5.616437669413241,94.89009699981268,81.80504142409788,45.57166436985485,1,8.108286892790142
96.60140527550087,6.085017267695649,2.864295759870881,52.702862328878254,81.27348891742422,71.37299853324596,3,8.987935428373845
55.12548639953396,5.8554005072300095,1.4990744310247153,48.654401267086214,48.6860226741431,55.215314784604736,3,5.683560140564768
96.86142436182256,4.106301970046806,5.242971923491314,85.53860991124183,90.33339908929162,70.12915629890213,2,8.561616932785714
84.39428611504067,4.684026194502806,1.4624439664157338,70.03717194003586,70.5540909658896,53.93921761893944,1,7.707703144174866
53.39185295525859,6.275034712052494,4.838693811719976,94.70710674290629,57.79545745772087,40.21637364153525,1,7.438277747987755
65.04817834734081,6.710755214460956,5.7006659604223175,48.79687342959053,65.11613484685164,48.37700051346522,4,6.664570788728693
85.40860443226407,6.22359360990178,5.7545862229583875,78.75567358138235,71.30427520626462,46.28351398874454,4,7.553239933718672
53.36753007343859,6.920157231266516,6.151040829946975,53.972748769108904,68.59343191074713,60.68116114637863,0,9.309750912286713
79.10852300881366,7.2732242119812485,7.046445661742484,49.40562571909836,64.1843021321707,74.49702700556944,3,8.50251881719605
67.29415284764784,4.054581016203096,4.249692439735913,81.00576490943624,65.29596824536401,50.828364496781454,2,6.339006359428852
81.04577588837385,6.552523376994271,5.976868921471784,75.62107719452399,45.58471462567317,35.72419611803708,4,7.7045795852639785
52.28710169062564,9.299245824881735,5.1437955152437755,85.28964750173986,83.76397425828077,66.13624185588542,1,9.786142268312062
93.57684030761882,6.854677540712518,1.8997995484826191,58.567754586770945,67.50561919646091,71.34556936153832,0,8.878689119854963
98.67444845886985,7.726482471024243,0.6926723365205613,66.8782993829314,42.86479170228218,92.77222964010858,2,8.557726405654302
98.44389276428458,5.715251218542858,2.634060392577003,64.32830057982511,80.96942609496668,70.36824818559481,1,9.276157241269075
87.48259158714623,8.256952579840194,3.8227527975321456,99.04536783799085,90.94663870264105,63.27035356268851,1,10.0
56.5043120065316,8.251068150318634,5.128294583214922,57.534937404363276,91.83841395421773,69.40409755386223,3,7.86602945506097
87.91315979645113,6.867128262097764,6.87469497877404,57.689034300806014,57.141063944670364,90.67403779172162,3,9.61926546929542
51.229345822940076,9.368076028035674,1.9718428752962422,61.272892529716444,43.131012413645244,84.70268873609876,4,7.235354164960166
51.106177576449866,4.690526181194594,1.4416234242385781,73.87564487741929,66.10397759798391,54.37872400182848,4,6.232351817273777
66.18051095747705,4.093212156892696,7.726099606057456,55.139364655824714,41.75655376095324,49.23526181942823,1,7.371333541278374
74.43215952023328,8.235870164664028,1.3103341953230534,94.91739642275644,91.03924511075704,50.75801674196442,1,8.921422315364657
88.52037089038966,8.439355455506854,4.088683025803919,55.94113389197581,46.01477764130876,65.26526238291278,4,8.449022251400848
84.16476883032526,4.661139760163169,4.891727965949764,93.74894389361168,50.16595159706984,79.64296707371466,4,7.464508815226908
72.29513531883742,5.460705581272333,4.560308156805787,46.20850381879508,59.39819161309823,65.19315243097773,1,6.995756469313373
63.68133331408329,4.096537998516459,1.145241177747074,79.39376214397913,57.989868113547544,39.067783749686754,2,5.899464586881944
99.85622500788556,5.613197359293106,0.9277018550271452,94.41913110629463,82.67977354387334,78.41484202639884,1,9.576813507864784
71.30906511179865,8.252280306552693,1.2911257059577674,50.12496630389377,62.379009233057744,83.35820772025724,2,8.125899923367056
72.56935121648377,6.848782902419185,4.891907629044594,98.0996176059553,45.24609560020021,52.36987190718318,2,8.024287391611129
58.181191059583455,5.914525762425584,4.5825866572574085,67.1730016249307,51.03259372916445,74.84754435700103,1,8.128353649047353
89.74047743749647,6.044566121984817,2.2530559402755816,96.74290650646147,65.54680311125132,60.59551406326361,0,9.157033691049671
84.68411128907442,4.007444941435075,5.283306063841937,80.60920261780282,43.8472350455681,88.34716134364658,4,7.093496535852401
61.03848063943802,5.648902901608798,6.65050626541737,58.09521219241309,71.69934053876085,85.71353348964439,3,8.17124265129669
54.11905228079213,7.555523079008617,0.8118421988494533,51.29815149502639,68.94483839306875,66.52591989857854,1,7.637854862596526
84.02496510373565,9.358069440989965,4.235974576610318,58.22410277350596,77.88213898293546,76.49033274881566,2,8.909718739676002
82.72556071405677,8.658834548411448,5.669828090770177,45.5810445557605,91.26227692276206,88.00098206132624,1,10.0
63.662976349910466,4.12977230555041,2.392339453022653,48.63207798059979,89.73527366606933,64.74302060469654,4,6.470347618218305
97.54317811252051,8.942083325711616,2.808281789698618,46.27962642078887,91.76453708412987,53.795044429329316,2,9.48969519776379
57.55289458904501,8.307591273142442,5.102284272420379,65.37661262449346,49.682935821422056,80.21996827457488,3,8.390388898795953
71.6167400521301,8.292068679640392,7.234514700828027,87.73470257545519,42.89391839836128,48.203975287081505,3,8.13854410238865
97.18079600837994,6.518976674519643,6.574433152271745,48.48301325298041,53.136602029786914,58.311868880362525,3,8.357220232259046
70.98636584630611,6.1890291112497655,4.873476643246876,47.81922599034015,88.70511036597887,86.94363422640762,0,8.708600162607892
81.92629738320429,5.666036508582559,5.976662883179369,78.60573697103985,93.3232084774093,78.46534041615891,2,9.494739798603483
69.87971989813971,4.361321724249012,3.2361685265584903,51.83097891808398,86.55949706422857,59.228660314849954,2,7.885078204206913
63.7107601174335,5.255294499215346,5.307241460740683,45.8566022865395,41.60106326765262,47.88467014450144,0,6.676126076537012
99.19888239799141,5.356319992379135,3.996361933456677,50.01091469233466,91.8456798835876,56.35810344993419,2,8.298441400150676
70.46670031575215,6.662423883406109,1.9245210234317067,95.42388375260657,60.401481641047155,52.04624895364598,0,8.166334985350376
94.70496018395673,8.110944236281817,5.763037054079429,89.28827516657145,35.55861744574122,45.56535727663123,1,9.25173784730583
61.49773029455431,6.605954056188706,4.673484780116165,61.24387374130565,61.54362444489162,79.5999748139394,4,7.0275059413175045
60.655235201254165,4.318144471959384,3.1896618646519355,79.34924603964356,37.764150180528056,50.124193211010294,3,6.0048990418884625
51.55670414422557,9.267843905435122,7.335043925589731,72.23654042008229,67.63267526966706,62.25004821006583,0,9.868299636877621
82.58334126879424,9.184983755017617,0.6570058837004995,80.62745580895384,55.31324164622308,58.15156681016654,0,9.456524965845993
68.42631718618806,8.318542487316247,2.8682986343712202,80.96026914776556,63.40609601564293,93.92464271813785,0,9.136597594220783
93.21791249198185,9.452303458603213,0.9266104833323492,77.72404090359957,71.79022164458702,58.46553464889323,1,10.0
73.66049533457786,6.994652830401446,6.248954871662204,55.96608211223852,87.12806574906921,39.79894896780529,0,9.301396702437028
98.40967139573608,9.295225926392632,5.765805905853444,42.340385245769085,74.71409458831572,40.38954515432504,4,9.09822515584808
59.27627578515606,4.4158277233921295,2.985141640522378,67.33400691940653,61.04293210869084,70.44522328118389,4,6.341867221438416
93.43115839778054,6.011244115437542,5.567471766553048,93.45843308144222,84.1656712202219,70.96181310429594,3,9.423483400003299
88.82984263958708,5.239596974037212,3.4695291964696238,74.16983551111456,89.33492825438793,60.1255394289593,1,9.182276775248981
88.5460922322026,5.077081962738485,6.171903435668257,89.94346250211447,42.185597985931835,60.910621538721784,4,8.243453017960784
92.23916140584438,4.774416218909718,3.9063774705252956,99.49746057767369,66.91597865316749,38.23595497045227,2,7.686113558332331
88.05119954714993,7.423275028612982,3.5920979587374915,49.81697224829658,52.07071758454665,65.99279062335573,2,8.664365576650331
81.31101608157077,8.297270206610179,7.510474366162257,81.50665834851894,37.82367187261684,65.2843685228211,2,9.124530908518958
56.56224388411938,7.180641196811983,2.3815932491802516,80.45761442200148,75.11280170683912,43.97295911341667,0,8.110524587309941
51.6263089745626,4.808294902735153,1.4033550499742407,98.7973268414967,86.76624664755354,41.23036316665566,0,6.946302099963239
96.04239239078434,8.461180734634091,4.884073349445936,99.13604403716802,44.77415926864364,42.41434943596943,2,9.106430572581747
80.8325157260369,7.497750889400507,7.769913592131342,81.20071670344777,83.74481945743403,41.06169478947551,3,8.679773622091947
89.82686454880881,6.134911383698475,3.3337941029538998,54.616887518931655,86.2037440122165,71.5824917322056,3,8.254723013547153
74.0761175756275,7.707716625448347,0.9652757272158614,87.91335028783594,89.86042655998901,46.78895914417512,0,8.732098439336594
55.86540944811972,5.429477385835581,3.0447895048217557,46.42174805266229,50.917105345163144,50.08580913124781,2,5.99226436896791
56.259289610127524,5.898557146718158,4.294487407396688,86.84195825029772,89.23718391139336,45.414328649086386,3,7.349967800770553
84.27826436144858,9.046172137225946,1.7144225497416028,94.61176744868177,54.239765284185935,92.47011826691019,0,10.0
71.51529474497313,5.597774781192812,5.435766635423691,62.97000368610611,68.14028080733017,86.27704778911013,2,7.787779186498664
60.02623633501683,6.584935474868651,7.9831204175765045,77.83811769898483,38.030448249936924,48.82969024109126,1,7.40182575248548
74.57972733707184,8.89577625567808,3.888046069860829,65.80856392580958,37.632865302124614,54.653977635327564,2,8.293655732470478
53.21044685375671,7.892467426471401,3.1604641754765948,66.26590329928771,78.22239276393218,47.59357053829983,2,7.463951105758602
79.09857009571994,4.342117743905865,3.5052812512585,58.6222533464872,61.668798678667464,64.51255756764942,4,6.997536852631547
63.449670221754886,4.810166743534337,1.3635963379640086,85.72777722701949,50.37754252215305,36.17663194845522,4,5.68743246810699
89.87795503185941,4.043128749245542,7.124552010696679,96.17059384999031,46.424809761494615,75.28208053380774,1,8.969179981024368
65.51809794617868,7.470069846260399,3.6111924164101397,96.44505155406767,75.19720945155308,66.38948898905849,1,9.593898301308581
72.76100745409006,6.462203839757301,3.40455808568631,50.48687709249603,35.02409264152039,88.91833569806619,2,7.483038219437575
50.58102699540503,4.7385116799625155,5.447677046978558,92.48461897939396,83.35347015181125,44.86356105970485,3,6.84360101692135
53.62234438972794,9.268637665812237,3.8152506569834266,84.24588648562732,39.75497636779573,83.2465547636679,1,9.153795938146901
69.62467782033424,6.913128481700909,5.361751016058846,55.170244041417355,46.489376894487165,82.51766086800293,2,8.298622118860624
73.99694173585618,5.330413117620891,0.9608471759809063,44.03707677529087,58.174183717945375,42.63087135301322,0,6.840771564251212
80.00102740596519,6.753319641350892,6.602925077916706,56.079836013062675,64.09152438296621,58.913553448647654,4,8.34244084360207
64.58312893546517,7.7379118300430925,7.553779646595519,94.73249420689154,56.29970694883651,45.20915846867101,3,8.255709168577912
84.74909430632712,4.4193156988546045,5.3657403961953944,77.99072049374634,54.242729899057636,50.28323002745293,2,7.565945162299165
93.00611985946023,5.5108709827634055,7.659244466441081,83.2632796538723,92.83496072439131,50.79477048983266,0,9.996846856601715
88.99254944466749,8.438310199861965,1.6357423577747248,55.42914106654575,73.49478087460366,68.37418364154637,4,8.010254950064642
51.980941267417855,6.528156787214637,4.080621421102652,83.1632893344892,36.40597732204329,59.684655905627935,0,7.6527932176040565
74.02534736289145,7.006174281177622,5.013550504590855,41.68729037667543,60.81055450665879,91.86396824037831,2,8.992619867667884
55.246508920908745,6.380488012152081,4.8630248556589,62.51928074638083,87.50052198463821,42.58220851682031,1,8.01520253183587
62.10225079312637,4.241449684536528,3.510963343167824,77.60520091253987,53.08737118464008,93.42152809101194,4,6.779347613297512
99.33312966335733,4.911623789010857,3.0356330702469605,48.76579393247921,40.6733806864633,48.83831841285584,0,7.61950951915715
57.12477714507566,6.4504790130804,1.451180169128141,89.38021446681608,80.50308629539506,81.37243618291119,1,8.58310512081022
74.9444076725678,5.150520059743603,3.4380683792170865,54.10187792871512,71.36082991616487,55.33819557036928,3,7.274651506602484
80.90778671590596,4.274884657628233,1.7199561132911385,79.13686676910677,69.21875046959023,43.584883725038836,2,7.237795924881328
85.12324852720519,8.64007315228503,6.007742573691638,64.31182855451978,38.21459357644448,86.4733511147744,2,9.221168065674142
77.98243417434571,9.396558910402636,2.0662320162094248,75.76261572865883,43.42994058773104,53.53165395418779,4,7.927548131009508
50.48854237095918,8.362285806982067,0.9392397896340039,46.44703315773449,72.35296377278684,74.53132425361053,0,8.384712439313462
66.3230654121996,8.695817069375668,4.642746033629257,41.01476799529644,47.46943048753015,68.9866211051976,3,7.421464147841418
75.88558216923558,5.33087421674375,4.964222995395512,94.57386564281808,65.24420478490546,63.30537856345246,4,7.735487231270429
54.39332495724167,9.283448365322599,7.039347959603791,56.177800526030964,67.69290116176361,64.74916835891234,4,7.471960908618887
67.53134656045904,5.083091374493856,4.8273620931326136,89.18062016682754,52.01043141625637,78.93427484553726,0,8.654616918032213
51.66015543956833,9.232863956990077,3.091106402925843,99.961018028332,91.90550933248957,40.26637484740643,3,8.718946031692292
53.928924857751035,9.47150611681273,6.522589111447404,52.685875479934666,85.54784641013451,75.09083971747431,0,10.0
69.8461638100798,7.914475431603268,4.552091698905658,55.910244471001334,78.3424104579679,88.74872608391472,2,8.99047506984271
56.63578770215302,9.39629052485502,1.094602134733938,79.77158725807993,39.679631984564544,38.46729182119185,1,7.719644312218677
78.3770424130779,7.13246878761907,4.7438792023493495,97.92691807603728,41.36780115854117,43.43920035402,2,8.622684875742605
84.47324845686329,5.427479807468497,7.310139090662468,94.94886089144464,64.56688075189734,77.99791620212189,2,9.700684479273237
90.02933495545415,6.403477371160915,3.4723446912366542,70.1725312039351,44.64280095145914,61.236898894677054,4,7.422920352507897
60.007512212240506,7.264585144583323,2.7224435142485004,87.70661695160348,93.69592781176844,59.2129172488213,2,8.573734720349846
58.37412911295349,4.4019485911485825,1.5760209276351504,48.14475118599407,44.511214041644564,43.217998072654154,3,5.493883430168816
55.228392016720015,7.422887955394854,1.6358414145151798,98.64629105224074,64.24807012783845,65.40620244306729,2,7.4477378689270415
81.82151247718184,9.39647810219262,3.7457861325636417,97.86119404215918,56.84726341049033,42.592718671782634,3,8.748921672308308
85.32378632434506,5.045592073810502,4.967598681211472,49.82373747275026,73.36318528724587,63.597227378632425,0,9.024824592592433
51.5793072412821,8.359273139586108,1.1046155387720131,57.965387488186394,42.742184533365496,80.8169179376994,4,7.120800198243164
96.81061231218449,8.993443365787908,7.546764417688743,46.009299850406016,60.818985682543456,50.49586147322981,3,9.329716973093635
52.59856418257362,9.190358760511215,6.163502130838969,56.30305593389078,51.482301968428615,63.847170090783635,2,7.74320174960887
77.06481676505352,9.28074582422996,4.89967938712747,88.95734736491241,88.26509148030128,94.52095816381015,4,10.0
85.45302597254582,6.868028012968096,6.713290032042432,62.69893642991557,37.43514272808171,76.19902540124224,4,7.781091108869309
93.54845618730428,9.37519349395327,1.1014006760908497,45.3038180288055,89.82364964038756,85.48140627831191,3,9.654503514708496
85.70434660662139,8.165206139239414,4.076291582998433,60.533531486734276,84.97964831318002,59.890856393632745,3,8.662538011141262
90.08640415348958,4.889192899303291,5.225698451462476,98.88300005447681,52.854242986448924,81.07165538755132,1,8.700424187136255
66.97250962714031,6.622950585573835,6.714896795887169,77.78101571555217,82.35743928062628,37.43055037647931,1,7.874214694834248
90.7412556873256,7.9508214645460225,6.376021700369508,64.96965678436946,36.872813620324855,42.3746709525347,4,8.248554621230882
54.00574231923376,5.360371737004958,2.5780193728504974,49.9923108098362,93.01193301760361,47.18423557520373,1,6.996893638454942
94.74083280302638,7.52338350951888,7.556601271694032,99.17060783702169,66.59569655538736,59.11711547691317,2,10.0
77.37961880768681,7.666302634756406,1.4325938107315277,89.25094055578774,53.19686156392672,85.7446926995458,0,9.336295410845379
90.86488849812469,4.894848590947112,7.063502139658641,56.88863814705516,56.754992755680625,55.77596304727583,4,7.029015794452807
72.615914225915,7.10796921849016,7.782051872034639,44.204121743271365,38.98432120762984,74.27727161092777,0,8.321195397567557
82.17888475982625,8.243948010382343,1.8286514241696916,43.39753344265348,94.36097084252235,77.558857688209,1,9.062545338209459
76.32013304680567,6.7439261549476806,5.9154954815283896,47.22268897033203,37.35751670904155,70.17094124530048,3,7.243103007916649
86.5794760877666,4.066567142268591,0.8021413908349885,74.8461150168653,74.29442738887154,56.43451809020817,4,6.806586812341656
54.08149910152948,4.0497115799361065,3.540671188543662,95.72580527232955,61.5641556623875,69.62320050281267,1,7.052077724461804
53.01760419952819,5.963661391835067,4.372124743982555,69.80460568035906,91.9349730913229,55.53593556738477,2,8.34138730416316
62.355161700507324,9.0940673763748,4.854839194322255,90.57672894737183,49.75998441840771,40.03242431312073,4,8.095806283298487
57.97723400565942,5.257722287819848,7.519529361864196,66.75319719158847,66.92520943628068,94.56823869116087,4,8.021541987992016
93.58917832961009,7.48900028879428,5.54188015470646,82.51501274606952,63.94137251496518,42.630947217950656,3,8.687398444156026
60.960699367902215,5.221417288813264,4.109584634144277,83.91236423719005,77.17198664300608,39.34090303016344,4,7.19169624176676
98.79326279095656,5.7691849431275175,6.5725627719941695,50.43782235420032,39.08061391714523,87.71184495242935,3,8.285011571434556
66.84478958855534,8.664231492808161,7.628996157158067,61.67296353854871,46.62734780140129,53.110079653573706,1,8.79107564093697
59.10589578443496,8.008737932484708,0.6654961151171813,78.23812939228144,47.87388920557099,74.01781844441047,2,7.746956749966369
89.48492535712396,4.524696025222658,7.86890954192029,44.24179649106197,79.28904529050138,54.74034377973397,2,8.4383805937905
82.9353887750438,6.357861115425385,1.1459910429776026,61.692411265777395,46.348321779604404,58.48725624766827,4,6.9302272672799985
74.90978582265694,4.160433700048954,6.60790084451571,72.08796797687154,69.40950583345861,50.72677832100779,4,6.812381851660988
77.76817754688156,6.6448958063165495,2.602510644135594,99.77346958267832,47.91462923005722,55.58264034758061,1,8.129135088731426
85.96008891361319,7.643387064355874,1.4913474331540382,68.47201375734645,86.69749700503871,59.64202403519259,3,8.75552691707411
61.422737066564935,4.651764429789834,3.7989172978537615,88.96340542685942,91.53112726937832,78.22496414554058,2,8.420542971164656
99.8166958028371,5.588867164000411,5.329674345857102,65.92403710399707,66.10957849653443,65.6921716540875,3,8.337278199248212
98.73965810733915,6.188101440261863,3.3571388376760627,87.78344335718253,56.1385330525507,91.61391302941863,1,9.047880820572901
82.51628431734684,9.057420635608274,0.9092405621202422,75.7248880972065,49.04346650104995,37.51282363032653,2,7.976410326784079
59.97712254645725,9.462902584826303,4.995958547440375,93.1957264901439,37.986860091382624,65.1840993579217,2,8.940312479126275
84.01141212156458,4.247012144475887,7.26802457083006,64.6565531410066,51.11000457184972,70.05348732990308,0,9.122014331235086
53.60992044895879,8.185543579224657,3.3741152446043876,76.25826518928874,74.25414679671908,90.21181916445644,1,8.693263163131661
51.532625110290304,6.044482365212888,2.122495832231203,77.80112083712964,67.01701587855266,37.949511417285656,1,6.79696937595091
62.884144425560685,6.15852002426214,3.8193300944961153,65.0429765080284,91.64247669685565,69.40997509611296,0,8.675308292378903
73.13114783696582,8.148457353408624,0.8627203328658566,48.65872262124889,58.776635749502034,86.21779571167743,3,8.379603896075219
93.41362527041903,9.051345376799748,6.653656883602061,45.61356441474013,76.63180053970368,49.515663687154195,0,10.0
86.3584534883154,9.230107269764016,6.6975560821264,41.00029303597799,64.35936484850728,87.57754091143624,1,9.862102776344074
87.13532605999904,7.174174223210764,4.910003475722213,92.41205585471288,65.7545729554527,36.142604556457506,3,8.581189018363604
71.27466672240377,5.9641663761527655,3.148271667037921,54.18849473432167,51.066458876247054,78.94727774802378,2,7.3694176548671795
67.29674962734815,8.331519972223287,6.498375233343375,52.69040495690608,62.297046610519985,90.98679327011918,0,9.33718809039119
68.55193814923014,5.3805076079426515,4.660152685912754,84.16212402556394,63.247099820762436,74.43185969840374,3,7.442299103363874
99.3824781868029,7.102407158584348,6.694492314125122,59.20096678524351,77.39855130493603,61.34175463882688,3,9.841226002929204
52.005459570624126,5.972181538386803,5.235940944372655,70.3626815447102,91.43839995116683,37.69286098836308,3,7.308357136748565
93.35157480612243,7.611470905393318,6.38304104909598,49.750663917847376,54.759276648950255,90.20682879935772,0,10.0
78.93377042861967,5.322194020914288,4.9892224491332,97.58474328771815,37.5320281148779,63.21777336149449,2,7.770468758857577
71.93077095947953,5.053761201541542,3.6060580116174967,91.09488400103425,64.77770753003838,36.73980466015688,3,7.0666738496275485
86.26288302075682,9.050314976714905,7.684593949446032,91.8273773779002,67.66767992895012,76.38926427972572,0,10.0
74.33344707123514,4.559920256222453,4.558353686591335,64.40642491432031,45.106433067914914,63.91023521457549,1,7.458417384040789
93.67116190408302,6.782768492542124,5.038171389054038,85.74167282243036,80.627876376564,42.46071904654465,0,9.727922320266183
95.03509320056293,5.214690306296549,2.1536572956106195,48.63256932338681,94.09574650648949,47.856308558615574,0,8.871852057122119
71.08604634367276,4.214114798291171,5.192380920704574,40.517140155506816,91.74648302050765,38.86944082735078,0,7.614540808207806
63.841389861752575,4.198103500602845,4.787057371122079,41.19837595468169,46.82636232941913,69.45761238251441,3,5.8040130678473565
79.61751642966811,4.963719746582051,1.8862879846026872,75.19610424427363,87.52179439404564,72.32176875512056,0,8.51923541671629
95.61816728083454,8.767236949783001,0.9469032301485778,67.32369431487645,77.26961818470107,65.34453790132666,1,8.948595429093675
60.53310945028333,5.553633091873646,5.032694897860783,71.08092093451118,62.23079382841469,84.0261279801569,3,8.315407341147331
81.14832917817414,9.227525438164125,6.227692020127404,40.44778842503317,67.43665965948375,86.66052927848082,1,10.0
81.57801100462603,7.1989226114405644,4.425510281915061,65.36119717944554,85.97601049894749,71.9374638009876,4,8.27895255682539
86.65565112076405,6.401378043728213,2.200794689897343,83.08408967205165,63.808096378302395,35.76538878244583,0,8.309356403419152
56.57838425636299,7.190488590682,5.498914825197762,66.56162211804616,57.392442146307616,76.71377934486414,3,7.59650175383113
85.79124823410443,6.8418411187444725,1.1007929495720168,83.93315237873333,64.59484958155915,60.07995301522109,3,8.525885642617046
95.45162603328205,8.173269395665288,3.8137527860146596,53.98113786381009,69.74778824210296,68.93344899358323,0,9.382640792559561
58.984155443512094,5.553728362850688,1.7252506879881513,88.78852026890353,46.34465922670093,73.94483612113306,2,7.149801525078132
61.87716624619388,5.941777153801663,1.8834428829491252,75.30587442720713,89.05446381601945,56.014196859624604,2,7.61143000868206
98.56975470208198,8.917518663932878,2.0172046186865273,52.645785965794374,75.45121692977682,90.02591031030767,1,10.0
59.04884763547449,9.20551082232723,3.4003029278298342,54.20322855122998,72.99613504024933,43.03849200498687,0,8.60077739552277
92.71925466847895,8.90907025117561,0.8836265421529822,77.68182787417223,40.969773570838285,75.29070843686225,0,8.907360160725972
74.61389282240174,6.306963966765225,3.4834508069682366,89.7963755927466,71.25043629035551,35.26157479739483,4,7.1576664076064676
62.36155372015885,8.292010266537849,4.337805853360257,64.93766692174931,42.25763973430954,90.47906632431085,2,8.112263431615535
93.53749506362557,6.619846533156043,4.124707137247439,55.49802574765553,39.721860511723946,41.75024799428549,2,7.631542606730316
72.26526275013327,6.736469186803562,3.370880753022804,92.02069641463603,66.6386537385436,40.69305380885448,0,9.06026077078828
75.74086769648451,5.125740599815062,6.793599560530644,80.1560975050501,59.1671320427897,54.980457983134656,1,7.661769602522344
67.96166846998828,7.25121666792184,1.589950193153781,66.8851292369846,70.3286162093734,57.413977162344835,0,8.093319265444526
79.64754257174637,5.023747437643413,4.292725578360304,69.27401171675811,40.353330083434315,47.85800433937272,1,7.101541047464919
58.17619362925114,5.823605844869566,0.9653106271741572,52.255388076183785,60.85898377083551,70.10729965562749,2,6.597930054935398
69.55407683258804,8.702666108909643,1.0336675915843232,77.60815780389063,45.48720290270948,61.57484588251781,4,7.652012907033404
98.47061611676438,5.138916950659704,4.803993872578222,61.52455063257332,94.226005155447,37.050535342465245,3,8.06099702042092
62.90667163505638,4.391370568453881,4.745138186658657,99.73871060046096,68.66901274611047,54.179123735318036,2,7.634524918646988
82.8368332270646,4.37954175937049,7.085251346333427,68.81101091571327,76.24621165645203,83.62597481439023,1,8.791320642388044
66.25950321123474,9.174314862767094,4.684052567450549,69.15313637137679,54.525096840956465,76.38209209171211,0,9.63731752854341
88.67365628433004,6.78806240879009,7.6984326530363765,73.95110724464031,40.68433488676065,78.49225121479283,2,9.355823931069764
56.54368303591749,6.2517663949936,0.8652113629994733,95.00536018712481,93.5522517670122,76.88701544501141,4,7.391771338414568
98.49105225392724,8.459832195543552,1.235057635855558,88.04908599158502,52.17554212299099,53.658381282982,1,9.511821581361907
72.68947706918196,8.597042603507838,0.8304939617778604,67.06780418787048,60.428491110414456,40.979835324606555,0,8.366737378143005
61.8025231673232,5.827050682135825,1.8895763775015502,83.12195595836775,73.9918353021545,51.34803104198576,3,7.396517640819578
53.67483736650063,7.814899316105874,4.559525832062586,75.1741299268457,36.481837861166674,84.90711801110956,1,8.214282857762731
58.48789525437704,8.241175487185377,5.34179136070571,69.54202292207493,83.61554783103722,93.82824786698427,0,10.0
75.98869742780089,7.60057877776275,0.841888684615016,51.53894636706103,67.19469140171722,64.63082088449369,3,7.56152905788589
66.85015882156432,4.833772911400547,7.594781673841995,67.83617580729346,51.69303122412933,35.58202129538253,0,7.5659119304988565
91.44416829413046,8.817356959343813,6.816240324877858,54.74911522135448,38.69647911754816,43.40268872805375,3,8.505681768437272
71.5443761830903,6.9650200400480475,2.7245936161781983,94.89052899109927,44.749904928466485,54.32483451897595,3,7.685512679980308
62.435713629381496,5.55359834503502,1.0789064766985097,60.12440880978082,88.70203153120622,69.71512091557699,3,6.711528263057452
80.8572493302015,6.338755019907317,1.7741530491429296,97.13584087200233,76.16145343615347,39.50561874831884,0,9.182555514100784
85.33886084427229,4.206640997193991,1.4520831031622952,71.98331740568267,49.99410329821339,91.6014379225929,3,6.611081161129344
58.35209539504749,4.703267406723296,1.4246283447421013,77.89266272056962,38.93604589670177,56.90502039706404,1,6.15592773419114
58.380960814415886,8.210507127837236,4.389212664993004,72.57642666935966,76.43691874319818,89.75505307548937,4,8.46297988057089
51.83357134667715,4.000063991154514,2.343855818700502,47.76283701800205,69.34446355806591,81.8313081654213,4,5.990890489029326
86.82010075328202,6.291112056652607,3.186047873968583,62.54927314047646,59.2711714674941,80.32623635093486,3,8.666247061707368
83.19022638109026,6.873805995970736,7.9212900003824185,45.94876673665743,56.81668695140383,71.40317478693392,4,7.492959105017657
73.7315437874907,4.300489310005347,5.632356866940086,77.3772426510029,48.0088565557465,72.60702902311067,4,6.757254508573393
92.20852244845986,9.35192989634783,7.61735500285251,66.81245171202633,75.17667539225106,73.2801941129749,3,9.508966832658583
90.28350764750266,5.2436893218731955,1.569174162748367,86.6790982942562,93.24008166763224,72.72328322153493,3,8.509694079558725
79.2677182198376,5.673092957999545,3.3660460612442695,53.22822885996219,45.54291475020955,68.22369388390167,1,7.737365851238277
93.41356402566294,5.67168381740265,4.660488524617657,49.873963505760095,70.82699720093021,94.18484110897333,2,9.491694264097875
60.292060501838414,5.267291641645425,1.0756854641655351,64.37993385782607,60.45110334475857,78.93743404554176,0,7.609358631241988
55.5959809698864,4.008106021474712,0.531405827209684,95.59512299310288,61.8013233046799,81.61678330355127,3,6.9181251830601935
63.48748057584948,8.011396367483979,5.5282575034768815,82.6253089007447,50.248836807668866,87.34776890502044,3,8.833506497720036
52.854342804465745,9.317650248896069,5.313646376010765,65.13541748757513,84.50809253968515,47.938385763550954,4,7.917478787075752
76.5584764000516,5.2336141580677475,3.5809160749970883,71.03633018525863,64.11533624883447,40.028249545703645,1,7.020937065867251
96.83028461474808,7.646759554918823,4.172330570240245,45.0527806706259,67.60435113189584,63.97366619591592,4,8.410726829217827
51.967177033425486,8.080429798272933,3.615822504440672,99.0745537825668,53.285654767839546,65.84484173715639,3,7.376031646901934
56.105495700501336,8.666339584997885,0.6800378363366664,79.98443828169513,45.90850794001699,84.75090679699505,3,8.184666745614841
72.60995141417176,6.32446058357485,3.0152870466309682,57.12424410780535,40.15462329216923,61.62701475694014,4,6.479927490557374
96.69375087639524,5.66611998102236,1.8281169154796737,75.14850365291466,77.84714845549496,69.25118153265876,3,8.745678305557425
65.80780524883752,5.789123237126671,1.2381814182602655,46.56894196413964,46.77405690127134,66.6242563108075,2,6.384579844955832
75.36174043441963,7.919417332041821,7.675403254170123,97.95020012845501,76.40452125132786,37.29216702544346,0,10.0
52.0786429525196,8.492287065781,4.995197937816242,50.48709927300196,58.42258676281723,71.91289379581484,0,8.721227652606185
57.41716004810444,4.998876822661314,5.96492213177452,78.88181908331285,59.94648805937909,84.68259714645514,0,8.426903558203325
99.33150614794235,6.040175544867709,2.865228074495881,54.72726775233583,63.1506497655663,44.45003288454823,2,7.745282675914873
98.25593482180227,8.960671082120324,3.448603471205114,83.05368295891215,57.06251048765259,70.65990403559574,3,9.638816585390279
50.24699904672048,8.436814358321065,2.2769299542254258,86.60928203441686,41.0371986333554,70.61663266678485,4,6.809893204247737
97.59058927116195,9.416721215193617,1.2272425322406857,80.40518373468595,53.577908600170744,44.851097843381524,1,8.859012003044391
81.95599689077503,8.148365428251445,1.8427372808118785,76.86996761531155,74.8240616416363,42.40781442384416,3,8.61969484693671
93.39591472600111,6.162573605653573,6.481355339723644,93.5481456371207,74.94706408813227,93.80311657858908,2,10.0
72.73699278169295,7.248508086970508,5.581593538878319,44.717602659385484,52.17345843439966,58.623150179182254,2,7.866084919895419
75.77980142896251,7.635578398360262,4.6019665698910766,59.85488594681171,62.606157593461276,48.64530372341176,0,9.341793817208588
74.44232901284602,4.4315069897441814,4.063174046500761,54.897248777850756,46.60683368071625,45.279472667262496,3,6.0612403508446
83.34321287730522,6.994733275071258,7.418257127420933,99.28083772392529,47.62232489179014,75.0561028149941,0,10.0
56.98256273781564,7.901264556599353,1.045512108340013,63.363386780012405,36.38282530439645,71.56671783963674,1,7.502638887500132
51.4986794936339,4.920267172005832,2.60450609928437,83.95676195442392,88.80479299446468,73.61312737924504,0,7.8067768841675305
65.39649707955954,8.293474445840564,3.1245339017803553,81.08350983286027,47.64239990449437,40.280361650687134,1,8.654812999414366
85.23403813683234,7.210750292827614,6.368193591595909,52.724874248642664,48.652032616187796,88.61207500990622,2,9.31891684790397
60.09267260614742,9.23721982133677,7.943859651214785,54.339860812693075,51.77608595870791,58.3559838085429,0,9.202768010016573
83.67162166624587,4.233322640137905,2.305028860678648,56.87707381318205,42.64448430172574,53.80216438582148,0,7.374164924922996
98.49560230536352,5.459293756555068,7.057305006028105,64.66763669556275,73.35577299088177,62.74168683486435,4,8.274884179908492
54.69503578947092,7.308546336149032,6.729670703238435,54.05950393903161,39.508577190655195,58.40396394485769,2,7.6676384408886245
83.63010591125632,5.631079517132619,2.1849304823132494,41.179088964810866,43.052145579581016,86.81462018834875,4,5.985664732662467
72.18751096522855,7.929332902391832,3.4949943514941695,92.76358340843173,73.68540359540557,90.75565851187352,1,9.488485523997072
93.40711271887527,8.174529053870621,3.5725465196938933,97.93658988285304,55.379637228886565,53.207192986976374,1,9.88270689143555
58.857489472369295,4.56383780236561,7.836655013949187,60.494223221894075,77.47686960207135,86.83614844759728,2,8.044860438036581
84.63129761130823,6.826199553137222,1.8566892603417373,60.31041276552837,68.44548468020852,81.89138777198403,1,8.89064560472637
91.90576448240552,6.798898055750808,6.4936847832858655,40.42550876646226,50.36127038369078,90.8484603406857,2,8.47004223572189
97.23071097370116,6.031044236185476,3.0064453562983244,80.81504129982244,74.04967702935969,49.745018731153266,1,9.51362659852403
84.16240141448229,9.131086744133196,5.981527593321203,89.52639374491773,41.97642081757284,69.61754900725875,3,9.70944221985085
74.85873820042136,8.551284759302717,3.6500825322174713,48.796498021600186,67.18462298480182,51.472675084426676,0,8.82107779687842
80.8923620100607,7.834651600503002,4.83769822337405,49.57998096202904,61.22888630270208,84.44566942906246,3,8.510100933147541
93.44524922393592,7.928796496542486,6.744588299945983,87.40499499828627,51.07241496904645,35.319451434263854,2,9.38939827503724
78.53048733194149,6.539438790972155,6.531241737379131,76.97744490124867,71.24029986437,68.88914977318376,2,9.6755197812343
51.519352984841845,9.065469866031167,6.998173876547751,42.69163345766302,87.28001554041695,55.35220587631508,3,8.695056143871886
96.54743477534889,7.820274849893069,0.9471299400849427,77.3528194277369,94.9342819857846,54.361022424669216,0,10.0
84.47633755157806,8.00939583910699,5.690379147798086,58.53506337062596,71.46576612460547,73.69437943189502,0,9.649541438922228
83.82566928886233,8.739299970830398,1.5499053254132216,62.123509328250755,59.282352459750214,86.08906695883964,4,8.158506504889475
60.78375761988586,5.50739374138205,3.6186392601380826,86.1838850978128,48.5124260129721,71.55172348359957,1,7.2718083021809585
82.94427351163286,8.438889971266867,4.614413112910164,88.65611156035663,50.4257653637067,86.19037871880334,4,9.150882444661782
69.69322028270793,5.0738233162607065,3.5205461356012306,64.02139761038984,63.76729868898594,50.875826712861794,0,7.7093614041370015
82.5616488520746,5.899380737346883,4.397087568522556,96.82917616038128,57.03666207684255,66.17011128589887,3,8.16458607535738
55.32965151539953,5.8458574984841345,7.973947315989643,64.38776307712433,89.82887135749665,62.032192344024566,1,8.888310007360321
82.89226523015179,9.381890076140273,1.5141298528464104,86.3101621138066,57.09772805934257,35.69869397018577,3,8.679444845603408
99.97068628853333,8.710954730613597,5.565920340023192,69.03263587385554,57.40667546872613,68.4087285884444,4,8.700658571375088
52.4106019430278,7.856434238746429,3.4700072478921142,93.85193959132505,58.01207074603862,74.6914594487705,2,8.095480617036568
98.85870921106587,7.998812188884646,1.497573491804966,94.46567461901071,85.19721262205948,70.51486426514421,3,9.908258481184653
70.34539803614354,7.09140036921414,1.6905257253073214,45.24500847226503,74.04729925081412,79.17679392700529,4,7.225379380395213
93.53767251686295,9.208998669096854,7.619548296842127,96.18959987861354,71.85013101913356,69.28037170718463,4,9.958293880196319
89.11927420291367,6.7294231408529885,7.097011225338215,89.53209049122495,55.04858134303173,39.00501529104542,4,8.473969398914244
78.3508130493334,6.09284740428442,7.302814703112664,87.47864285876001,84.07425060994638,41.98673144508268,2,8.360517448025037
86.92246046256633,4.896694353123751,7.936495818705399,52.05468038113135,37.301831681342065,70.78847465263715,2,7.74906460994578
93.92577806506739,8.32413108743582,2.0623654250638848,88.30715252527989,87.24783034028678,51.49875151841841,2,9.655138370399126
70.20701608255165,8.039441626415753,3.165795030230463,91.00796408110222,65.76499398763578,39.77870774208595,1,8.370040832199056
66.35165807816193,6.113952711882742,5.519142724436501,57.34902006724906,58.89501409180477,60.77616460691281,2,7.8860679547569905
83.37966927817924,4.1385637767757615,4.128519048954854,97.13560470173942,64.83003684306114,68.25935588501932,2,7.888880241328743
90.39229709706294,8.614485302449058,3.637921500337501,42.99160878394986,75.04493183202987,54.724759300976395,2,9.40581177094513
88.11425673883079,4.062798908997405,3.183584370016948,48.99455519482838,35.76592559107384,78.22602213354668,3,6.613691054107874
89.89068244293173,7.87034878795978,4.953354739575891,72.25486828309086,87.29311138749486,73.62623648607467,2,10.0
71.77916574064665,9.336414103493315,4.816950714800615,74.54754826733858,61.80437151868357,54.96910166550032,1,9.558453586899894
90.89171080875107,6.4071373048151194,1.7109337554818005,78.70900499805421,55.577991182004695,80.29235173451363,4,7.704292376610849
56.01045276853042,5.292353727477741,4.038048781388293,41.01814775892799,43.29473393804342,73.92170255198212,3,5.479225359036237
77.22445489804248,7.8767905552386,4.651038321573874,97.62200647732782,61.367922461506524,73.24672272307413,0,10.0
50.28793302490608,8.494204781085719,4.777152040485428,42.675285564048636,64.77936627706273,68.20566204722408,2,7.923313241640168
66.22929149501351,7.00536673842816,2.0758039468426386,48.583717163404145,59.218801669608666,35.68338008531317,4,6.371466197527452
68.32307674356989,9.318694013908804,6.067035441892151,40.84087105156342,75.71960562961382,76.79043100861335,4,8.604819706663003
69.80863458046277,4.284177969118786,0.6889932111580223,74.01150599764568,60.25379172555356,57.56250746654939,3,6.112919187505653
84.7733603344931,6.776375790674905,3.16123891657372,95.93601303525833,92.6850546707944,91.55658260951932,0,10.0
69.42790506351729,7.951496710274025,6.351594864017252,79.95682996482785,70.95665106941551,84.07908626463232,1,9.303343504728618
72.43468113112652,8.744522591320484,4.729196907915518,89.35944810882563,83.44867613911454,70.26166817187874,4,9.414484152363025
61.87720654371637,4.985905865492845,2.458718243831452,40.7968722075148,41.56135418656873,50.130918909156165,4,5.014878880471738
68.662589581467,8.400019149700249,5.712148395072858,72.52091790878356,58.83747757675434,47.22304359665999,4,7.748208324990919
61.363481363157575,7.039888916451999,4.75543208117055,67.57377865033132,55.21086208682917,55.42309026065295,4,6.933480109132234
53.659796188422185,6.1810452509447975,6.471827070922904,69.93807665324758,69.1689432881955,63.59407661480111,3,7.267063336020485
80.17242966906889,4.724432657185014,6.0126888964236755,44.332791120111274,86.66681120368554,52.76393060233683,0,8.614162831055173
83.41063992775082,8.759126673999019,5.07580941527176,81.06612166415844,39.7002930657204,65.89576972354897,4,8.944023285353195
80.97451730048073,4.865002644988435,4.161332564831105,70.19322489151807,39.35448788268265,44.92222553079115,1,7.359123752563618
73.17470219002863,5.703833225650046,1.4988659425064257,85.90893099167585,86.01906248945593,93.66276876953,1,9.034866874783427
68.98928900896149,5.595250425793402,2.459997634140378,69.11743804370292,47.77100516230145,41.47547329789963,2,6.273452929592421
93.16668247859127,8.792777188049698,3.6432460468781396,48.96289817358593,75.12519526698883,90.91664837926233,4,9.455128585774224
